nome,ano,ponto_virada,inde,iaa,ieg,ips,ida,ipp,ipv,ian,anos_pm,2020,2021,2022,fem,masc,pedra,bolsista,nao_bolsista,in_fase,ipv_pre_processado_resultado,ieg_pre_processado_resultado,ida_pre_processado_resultado,rec_ava_1_pre_processado_resultado,rec_ava_2_pre_processado_resultado,rec_ava_3_pre_processado_resultado,rec_ava_4_pre_processado_resultado
aluno1,2020,0.0,7.883752,8.500020000000001,8.7,7.5,7.0,5.9375,7.75,10.0,2,1.0,0.0,0.0,1.0,0.0,3,0.0,1.0,1,1.0,1.0,-1.0,,,,
aluno1,2021,0.0,7.319,7.5,6.3,6.9,8.8,7.7,8.1,5.0,3,0.0,1.0,0.0,1.0,0.0,3,1.0,0.0,0,,,,1.0,1.0,0.0,0.0
aluno2,2022,0.0,7.675509353106849,10.00002,7.58170509886757,7.5,8.816666666666666,5.625,7.916665,5.0,0,0.0,0.0,1.0,1.0,0.0,3,1.0,0.0,0,1.0,1.0,1.0,0.0,0.0,,
aluno3,2020,0.0,7.856389666666666,7.91667,8.9,7.5,5.5,8.125,8.111113333333334,10.0,2,1.0,0.0,0.0,1.0,0.0,3,0.0,1.0,1,1.0,1.0,-1.0,,,,
aluno3,2021,0.0,7.021,7.1,6.9,6.3,5.6,7.3,7.2,10.0,3,0.0,1.0,0.0,1.0,0.0,3,0.0,1.0,0,,,,1.0,1.0,0.0,0.0
aluno4,2020,0.0,5.076252,8.000020000000001,4.1,6.875,0.0,7.1875,7.75,5.0,2,1.0,0.0,0.0,0.0,1.0,1,0.0,1.0,1,-1.0,-1.0,-1.0,,,,
aluno4,2022,0.0,7.117065047619048,10.00002,8.071428571428571,7.5,5.083333333333334,6.25,8.055553333333334,5.0,0,0.0,0.0,1.0,0.0,1.0,3,1.0,0.0,0,1.0,1.0,-1.0,1.0,0.0,1.0,
aluno5,2020,0.0,8.077085,7.50002,8.0,7.5,7.5,8.4375,8.166665,10.0,1,1.0,0.0,0.0,0.0,1.0,3,0.0,1.0,1,1.0,1.0,1.0,,,,
aluno5,2021,0.0,7.399,7.4,7.5,7.5,5.4,8.5,7.4,10.0,2,0.0,1.0,0.0,0.0,1.0,3,0.0,1.0,0,,,,1.0,0.0,0.0,0.0
aluno5,2022,0.0,7.232336307992202,6.41668,8.557504873294347,7.5,7.083333333333334,6.458333333333334,7.833336666666667,5.0,3,0.0,0.0,1.0,0.0,1.0,3,1.0,0.0,0,1.0,1.0,-1.0,0.0,1.0,0.0,
aluno6,2022,0.0,7.741668666666667,9.000020000000001,9.333333333333332,7.5,5.5,6.25,7.5,10.0,0,0.0,0.0,1.0,1.0,0.0,3,1.0,0.0,0,1.0,1.0,-1.0,0.0,1.0,0.0,
aluno7,2022,0.0,7.406743477025898,10.00002,9.314954051796157,7.5,5.583333333333334,5.9375,7.91667,5.0,0,0.0,0.0,1.0,0.0,1.0,3,1.0,0.0,0,1.0,1.0,-1.0,1.0,1.0,,
aluno8,2020,1.0,8.381390666666666,8.33334,9.9,4.375,7.333333333333333,8.749999999999998,8.94445,10.0,3,1.0,0.0,0.0,1.0,0.0,3,1.0,0.0,1,1.0,1.0,-1.0,,,,
aluno8,2021,0.0,8.269,8.8,8.6,7.5,7.1,8.0,8.5,10.0,4,0.0,1.0,0.0,1.0,0.0,4,1.0,0.0,0,,,,1.0,1.0,1.0,0.0
aluno8,2022,0.0,7.289795442501942,9.16668,8.268065268065268,5.0,7.144444444444445,7.65625,7.6250025,5.0,5,0.0,0.0,1.0,1.0,0.0,3,0.0,1.0,0,1.0,1.0,-1.0,1.0,0.0,1.0,1.0
aluno9,2022,0.0,5.665746204655248,9.000020000000001,6.820377689942907,5.0,2.133333333333333,3.75,5.50001,10.0,0,0.0,0.0,1.0,0.0,1.0,1,1.0,0.0,0,-1.0,-1.0,-1.0,0.0,0.0,,
aluno10,2020,0.0,5.1618745,5.83333,5.2,3.75,0.0,7.96875,6.8333325,10.0,1,1.0,0.0,0.0,1.0,0.0,1,0.0,1.0,1,1.0,-1.0,-1.0,,,,
aluno11,2020,1.0,9.712504,9.000020000000001,10.0,8.125,10.0,10.0,10.00001,10.0,0,1.0,0.0,0.0,0.0,1.0,4,0.0,1.0,1,1.0,1.0,1.0,,,,
aluno11,2021,1.0,8.99,9.0,10.0,6.3,8.8,7.7,9.7,10.0,1,0.0,1.0,0.0,0.0,1.0,4,1.0,0.0,0,,,,1.0,0.0,0.0,0.0
aluno11,2022,1.0,8.464686539682539,8.000020000000001,9.198412698412698,7.5,9.833333333333332,7.083333333333332,9.50001,5.0,2,0.0,0.0,1.0,0.0,1.0,4,0.0,1.0,0,1.0,1.0,1.0,1.0,1.0,1.0,
aluno12,2020,0.0,5.838887333333334,6.25,6.0,5.625,6.666666666666667,5.624999999999999,5.277770000000001,5.0,3,1.0,0.0,0.0,0.0,1.0,1,1.0,0.0,1,-1.0,-1.0,-1.0,,,,
aluno13,2021,0.0,3.413,8.0,0.0,7.5,0.8,0.0,6.0,5.0,0,0.0,1.0,0.0,1.0,0.0,1,0.0,1.0,0,,,,0.0,0.0,0.0,0.0
aluno14,2020,0.0,6.434585,8.000020000000001,7.6,6.875,0.0,8.4375,7.916665,10.0,2,1.0,0.0,0.0,1.0,0.0,2,0.0,1.0,1,1.0,1.0,-1.0,,,,
aluno15,2020,0.0,5.162502,8.500020000000001,4.0,7.5,0.0,8.125,7.25,5.0,1,1.0,0.0,0.0,1.0,0.0,1,0.0,1.0,1,-1.0,-1.0,-1.0,,,,
aluno16,2022,0.0,6.995504201058202,8.500020000000001,9.33862433862434,6.875,6.333333333333334,4.791666666666666,6.722219999999999,5.0,0,0.0,0.0,1.0,1.0,0.0,2,1.0,0.0,0,-1.0,1.0,-1.0,0.0,1.0,0.0,
aluno17,2020,0.0,7.766252,9.50002,6.8,7.5,10.0,6.5625,7.75,5.0,2,1.0,0.0,0.0,0.0,1.0,3,0.0,1.0,1,-1.0,-1.0,1.0,,,,
aluno17,2021,0.0,6.14,9.5,4.2,7.5,2.6,8.4,8.8,5.0,3,0.0,1.0,0.0,0.0,1.0,2,0.0,1.0,0,,,,0.0,0.0,0.0,0.0
aluno17,2022,0.0,6.723325934837093,9.50002,6.647869674185464,7.5,5.5,5.9375,7.5,5.0,4,0.0,0.0,1.0,0.0,1.0,2,1.0,0.0,0,1.0,-1.0,-1.0,0.0,1.0,,
aluno18,2020,0.0,7.2055576666666665,9.58335,7.0,7.5,6.5,7.083333333333334,7.944446666666665,5.0,3,1.0,0.0,0.0,0.0,1.0,2,0.0,1.0,1,-1.0,-1.0,-1.0,,,,
aluno18,2021,0.0,5.666,10.0,3.3,6.3,5.3,7.7,5.2,5.0,4,0.0,1.0,0.0,0.0,1.0,2,0.0,1.0,0,,,,0.0,1.0,0.0,0.0
aluno18,2022,0.0,5.845721955648926,0.0,6.287640056022409,8.125,5.222222222222222,7.8125,7.2499975,5.0,5,0.0,0.0,1.0,0.0,1.0,1,1.0,0.0,0,-1.0,-1.0,-1.0,1.0,0.0,1.0,1.0
aluno19,2021,0.0,6.751,9.0,6.3,7.5,4.6,7.7,8.3,5.0,0,0.0,1.0,0.0,0.0,1.0,2,0.0,1.0,0,,,,0.0,0.0,0.0,0.0
aluno19,2022,0.0,7.843149036414566,10.00002,9.054621848739496,7.5,7.466666666666667,6.666666666666666,8.111113333333334,5.0,1,0.0,0.0,1.0,0.0,1.0,3,1.0,0.0,0,1.0,1.0,-1.0,1.0,1.0,0.0,
aluno20,2022,1.0,8.616243765480895,10.00002,9.552042160737813,7.5,8.466666666666667,5.625,8.5,10.0,0,0.0,0.0,1.0,1.0,0.0,4,1.0,0.0,0,1.0,1.0,1.0,1.0,0.0,,
aluno21,2022,0.0,5.652385860342557,7.91667,5.649085968379447,5.0,5.166666666666667,7.03125,6.222216666666668,2.5,0,0.0,0.0,1.0,0.0,1.0,1,1.0,0.0,0,-1.0,-1.0,-1.0,0.0,0.0,1.0,
aluno22,2022,0.0,8.098496318150449,8.000020000000001,8.982056590752244,7.5,9.25,4.6875,7.166665,10.0,0,0.0,0.0,1.0,1.0,0.0,4,1.0,0.0,0,-1.0,1.0,1.0,1.0,0.0,,
aluno23,2022,0.0,7.78265826912142,8.000020000000001,7.7986963456071,7.5,9.25,6.5625,8.333335,5.0,0,0.0,0.0,1.0,1.0,0.0,3,1.0,0.0,0,1.0,1.0,1.0,1.0,1.0,,
aluno24,2022,1.0,8.26975686419753,10.00002,9.320987654320987,6.875,6.75,6.458333333333333,8.611119999999998,10.0,0,0.0,0.0,1.0,1.0,0.0,4,1.0,0.0,0,1.0,1.0,-1.0,0.0,0.0,0.0,
aluno25,2022,0.0,7.95176506926407,7.50002,8.346320346320347,7.5,9.1,3.125,8.249995,10.0,0,0.0,0.0,1.0,0.0,1.0,3,1.0,0.0,0,1.0,1.0,1.0,1.0,0.0,,
aluno26,2022,0.0,7.738020410934745,9.000020000000001,8.721340388007054,7.5,9.166666666666666,5.9375,7.083335,5.0,0,0.0,0.0,1.0,1.0,0.0,3,1.0,0.0,0,-1.0,1.0,1.0,1.0,0.0,,
aluno27,2022,0.0,6.350091965367965,9.000020000000001,6.493506493506493,7.5,4.583333333333333,5.625,7.111109999999999,5.0,0,0.0,0.0,1.0,0.0,1.0,2,1.0,0.0,0,-1.0,-1.0,-1.0,0.0,0.0,0.0,
aluno28,2020,1.0,9.354725666666669,9.58335,9.6,6.875,9.0,10.0,9.944453333333334,10.0,2,1.0,0.0,0.0,1.0,0.0,4,1.0,0.0,1,1.0,1.0,1.0,,,,
aluno28,2021,1.0,9.079,8.3,9.2,7.5,8.8,9.4,9.9,10.0,3,0.0,1.0,0.0,1.0,0.0,4,1.0,0.0,0,,,,1.0,1.0,1.0,1.0
aluno29,2021,0.0,6.342,9.6,5.3,7.5,3.8,7.5,7.9,5.0,0,0.0,1.0,0.0,1.0,0.0,2,0.0,1.0,0,,,,1.0,1.0,0.0,0.0
aluno29,2022,0.0,4.935556331573656,0.0,4.832296380090497,7.5,5.777777777777778,6.71875,5.7083325,2.5,1,0.0,0.0,1.0,1.0,0.0,1,1.0,0.0,0,-1.0,-1.0,-1.0,1.0,0.0,1.0,0.0
aluno30,2020,0.0,7.125001,7.91668,10.0,7.5,4.75,2.5,6.916665,10.0,0,1.0,0.0,0.0,1.0,0.0,2,0.0,1.0,1,1.0,1.0,-1.0,,,,
aluno30,2022,0.0,8.083535682039548,10.00002,9.005163410197735,7.5,9.1,5.625,8.250005,5.0,0,0.0,0.0,1.0,1.0,0.0,4,1.0,0.0,0,1.0,1.0,1.0,1.0,0.0,,
aluno31,2022,0.0,7.263157796906798,6.91668,7.317867317867318,7.5,7.466666666666667,5.3125,6.666665,10.0,0,0.0,0.0,1.0,1.0,0.0,3,1.0,0.0,0,-1.0,-1.0,-1.0,0.0,0.0,,
aluno32,2022,0.0,6.792708666666667,7.91667,8.333333333333334,7.5,4.0,7.34375,7.75,5.0,0,0.0,0.0,1.0,1.0,0.0,2,1.0,0.0,0,1.0,1.0,-1.0,1.0,0.0,0.0,0.0
aluno33,2020,0.0,7.013888333333334,6.66667,4.5,7.5,8.666666666666666,7.083333333333334,6.277773333333332,10.0,0,1.0,0.0,0.0,0.0,1.0,2,0.0,1.0,1,1.0,-1.0,1.0,,,,
aluno34,2020,0.0,7.698890666666667,8.500020000000001,9.3,6.875,7.0,8.125,7.944443333333334,5.0,2,1.0,0.0,0.0,1.0,0.0,3,0.0,1.0,1,-1.0,1.0,-1.0,,,,
aluno34,2021,0.0,6.129,6.9,2.9,7.5,5.5,7.7,8.7,5.0,3,0.0,1.0,0.0,1.0,0.0,2,0.0,1.0,0,,,,1.0,0.0,0.0,0.0
aluno34,2022,0.0,6.666787745731961,7.5,7.056167617548691,7.5,6.111111111111111,7.5,6.41666,5.0,4,0.0,0.0,1.0,1.0,0.0,2,1.0,0.0,0,-1.0,-1.0,-1.0,1.0,1.0,1.0,0.0
aluno35,2020,0.0,6.64396,8.75001,6.1,6.25,5.0,7.65625,8.29167,5.0,3,1.0,0.0,0.0,1.0,0.0,2,0.0,1.0,1,-1.0,-1.0,-1.0,,,,
aluno35,2021,1.0,8.416,9.2,9.4,7.5,8.2,8.4,9.4,5.0,4,0.0,1.0,0.0,1.0,0.0,4,0.0,1.0,0,,,,1.0,1.0,1.0,1.0
aluno36,2020,0.0,8.307780333333334,9.58335,9.9,7.5,8.0,8.749999999999998,8.222226666666668,5.0,1,1.0,0.0,0.0,1.0,0.0,3,0.0,1.0,1,-1.0,1.0,1.0,,,,
aluno36,2021,0.0,6.246,8.3,6.4,3.8,4.7,7.3,7.9,5.0,2,0.0,1.0,0.0,1.0,0.0,2,0.0,1.0,0,,,,1.0,1.0,0.0,0.0
aluno36,2022,0.0,6.854039584291188,5.83333,8.074712643678161,6.25,5.877777777777777,7.96875,7.7916675,5.0,3,0.0,0.0,1.0,1.0,0.0,2,1.0,0.0,0,1.0,1.0,-1.0,1.0,0.0,1.0,1.0
aluno37,2020,0.0,6.6788913333333335,10.00002,7.7,4.375,2.5,6.458333333333333,7.77778,10.0,2,1.0,0.0,0.0,0.0,1.0,2,0.0,1.0,1,1.0,1.0,-1.0,,,,
aluno37,2021,0.0,6.154,0.0,5.4,6.9,6.5,7.5,6.7,10.0,3,0.0,1.0,0.0,0.0,1.0,2,0.0,1.0,0,,,,0.0,0.0,0.0,0.0
aluno37,2022,0.0,7.55554175568551,8.500020000000001,9.041585445094215,7.5,7.333333333333333,6.25,7.777779999999999,5.0,4,0.0,0.0,1.0,0.0,1.0,3,1.0,0.0,0,1.0,1.0,-1.0,0.0,1.0,0.0,
aluno38,2021,0.0,6.847,3.8,6.9,7.5,5.1,7.5,7.8,10.0,0,0.0,1.0,0.0,1.0,0.0,2,0.0,1.0,0,,,,0.0,1.0,0.0,0.0
aluno38,2022,0.0,6.695387571428572,9.16668,6.721726190476191,6.25,5.666666666666667,7.34375,7.20833,5.0,1,0.0,0.0,1.0,1.0,0.0,2,1.0,0.0,0,-1.0,-1.0,-1.0,1.0,0.0,1.0,0.0
aluno39,2020,0.0,8.131388333333334,6.24999,9.4,7.5,8.333333333333334,8.541666666666666,6.777780000000001,10.0,3,1.0,0.0,0.0,1.0,0.0,3,0.0,1.0,1,1.0,1.0,1.0,,,,
aluno40,2021,0.0,7.334,9.2,7.8,7.5,6.0,8.3,8.0,5.0,0,0.0,1.0,0.0,0.0,1.0,3,0.0,1.0,0,,,,1.0,0.0,1.0,0.0
aluno41,2020,0.0,7.460002,8.000020000000001,8.3,7.5,7.25,7.5,7.75,5.0,0,1.0,0.0,0.0,0.0,1.0,3,0.0,1.0,1,-1.0,1.0,-1.0,,,,
aluno41,2021,0.0,6.1,0.0,5.0,7.5,6.8,7.5,8.8,5.0,1,0.0,1.0,0.0,0.0,1.0,2,0.0,1.0,0,,,,1.0,1.0,1.0,0.0
aluno42,2021,0.0,6.802,10.0,6.7,7.5,4.0,7.2,6.0,10.0,0,0.0,1.0,0.0,0.0,1.0,2,0.0,1.0,0,,,,0.0,0.0,0.0,0.0
aluno42,2022,0.0,4.279765904761905,9.000020000000001,3.148809523809524,7.5,2.5,0.0,2.50001,10.0,1,0.0,0.0,1.0,0.0,1.0,1,1.0,0.0,0,-1.0,-1.0,-1.0,0.0,0.0,,
aluno43,2020,0.0,7.805209,7.5,7.5,7.5,7.0,7.96875,8.04167,10.0,2,1.0,0.0,0.0,1.0,0.0,3,0.0,1.0,1,1.0,1.0,-1.0,,,,
aluno44,2020,0.0,6.218335,9.000020000000001,6.8,7.5,0.0,6.25,7.916665,10.0,0,1.0,0.0,0.0,0.0,1.0,2,0.0,1.0,1,1.0,-1.0,-1.0,,,,
aluno45,2020,0.0,6.631252,8.500020000000001,1.0,7.5,10.0,7.8125,7.75,5.0,1,1.0,0.0,0.0,0.0,1.0,2,0.0,1.0,1,-1.0,-1.0,1.0,,,,
aluno45,2022,0.0,6.730556,7.916679999999999,9.166666666666666,6.25,5.0,6.25,6.777773333333332,5.0,0,0.0,0.0,1.0,0.0,1.0,2,1.0,0.0,0,-1.0,1.0,-1.0,0.0,0.0,0.0,
aluno46,2020,0.0,6.966669,9.50002,10.0,7.5,0.0,7.5,7.583335,10.0,0,1.0,0.0,0.0,1.0,0.0,2,0.0,1.0,1,1.0,1.0,-1.0,,,,
aluno46,2021,0.0,8.471,8.5,10.0,7.5,6.9,8.1,8.4,10.0,1,0.0,1.0,0.0,1.0,0.0,4,0.0,1.0,0,,,,1.0,0.0,0.0,0.0
aluno46,2022,0.0,7.398436561403509,8.500020000000001,9.082456140350876,7.5,5.0,6.041666666666667,6.888883333333333,10.0,2,0.0,0.0,1.0,1.0,0.0,3,1.0,0.0,0,-1.0,1.0,-1.0,0.0,0.0,0.0,
aluno47,2021,0.0,6.056,8.5,6.3,7.5,4.0,7.5,5.8,5.0,0,0.0,1.0,0.0,0.0,1.0,2,0.0,1.0,0,,,,0.0,0.0,0.0,0.0
aluno47,2022,0.0,7.65278,8.500020000000001,10.0,7.5,7.416666666666666,6.25,7.222223333333333,5.0,1,0.0,0.0,1.0,0.0,1.0,3,1.0,0.0,0,-1.0,1.0,-1.0,1.0,1.0,1.0,
aluno48,2022,0.0,3.914881285714285,5.41667,3.803571428571429,6.25,0.0,5.625,4.625,5.0,0,0.0,0.0,1.0,1.0,0.0,1,1.0,0.0,0,-1.0,-1.0,-1.0,0.0,0.0,1.0,-1.0
aluno49,2022,1.0,8.339586333333333,9.50002,10.0,7.5,8.166666666666666,6.5625,9.250005,5.0,0,0.0,0.0,1.0,1.0,0.0,4,1.0,0.0,0,1.0,1.0,1.0,1.0,1.0,,
aluno50,2022,0.0,4.966393630641453,0.0,4.630580097651709,7.5,3.055555555555556,5.625,5.5833325,10.0,0,0.0,0.0,1.0,0.0,1.0,1,1.0,0.0,0,-1.0,-1.0,-1.0,1.0,0.0,0.0,-1.0
aluno51,2020,0.0,8.955835,9.50002,9.8,7.5,10.0,8.125,7.416665,10.0,1,1.0,0.0,0.0,0.0,1.0,4,0.0,1.0,1,1.0,1.0,1.0,,,,
aluno51,2021,0.0,8.051,9.0,9.2,7.5,5.4,7.7,8.6,10.0,2,0.0,1.0,0.0,0.0,1.0,3,0.0,1.0,0,,,,1.0,0.0,0.0,0.0
aluno51,2022,0.0,6.953190321839081,9.000020000000001,9.203448275862067,7.5,5.083333333333334,5.625,6.91666,5.0,3,0.0,0.0,1.0,0.0,1.0,2,1.0,0.0,0,-1.0,1.0,-1.0,0.0,1.0,,
aluno52,2020,0.0,8.181112666666667,10.00002,8.6,6.25,7.0,7.916666666666668,8.22222,10.0,2,1.0,0.0,0.0,0.0,1.0,3,0.0,1.0,1,1.0,1.0,-1.0,,,,
aluno53,2020,,8.696667999999999,9.16668,10.0,7.5,8.2,0.0,0.0,10.0,4,1.0,0.0,0.0,1.0,0.0,4,1.0,0.0,1,1.0,1.0,1.0,,,,
aluno54,2021,0.0,6.388,7.5,5.8,7.5,4.1,7.3,5.8,10.0,0,0.0,1.0,0.0,1.0,0.0,2,0.0,1.0,0,,,,0.0,1.0,0.0,0.0
aluno55,2020,1.0,6.878125166666666,0.0,9.0,7.5,6.333333333333333,8.28125,8.666667499999999,5.0,3,1.0,0.0,0.0,1.0,0.0,2,1.0,0.0,1,-1.0,1.0,-1.0,,,,
aluno55,2021,1.0,8.219,9.6,8.9,8.1,7.6,8.1,9.2,5.0,4,0.0,1.0,0.0,1.0,0.0,3,1.0,0.0,0,,,,1.0,1.0,1.0,1.0
aluno56,2021,0.0,6.777,8.8,7.5,5.6,5.5,7.8,7.2,5.0,0,0.0,1.0,0.0,0.0,1.0,2,0.0,1.0,0,,,,1.0,1.0,1.0,1.0
aluno56,2022,0.0,3.036573379084968,0.0,3.597794117647059,5.0,0.4444444444444445,3.28125,4.500003333333333,5.0,1,0.0,0.0,1.0,0.0,1.0,1,1.0,0.0,0,-1.0,-1.0,-1.0,0.0,0.0,0.0,-1.0
aluno57,2020,0.0,7.311667166666667,8.33334,7.1,6.25,5.833333333333333,7.5,7.5833325,10.0,2,1.0,0.0,0.0,0.0,1.0,3,1.0,0.0,1,1.0,-1.0,-1.0,,,,
aluno57,2021,0.0,7.213,8.3,6.9,6.3,6.0,7.7,7.0,10.0,3,0.0,1.0,0.0,0.0,1.0,3,1.0,0.0,0,,,,0.0,1.0,1.0,1.0
aluno58,2022,0.0,7.305158063492064,7.91667,7.991071428571429,7.5,6.888888888888889,8.125,7.374995,5.0,0,0.0,0.0,1.0,1.0,0.0,3,1.0,0.0,0,-1.0,1.0,-1.0,1.0,0.0,1.0,1.0
aluno59,2020,0.0,6.563055666666668,8.75001,3.6,7.5,6.0,7.291666666666667,6.444439999999998,10.0,0,1.0,0.0,0.0,0.0,1.0,2,0.0,1.0,1,1.0,-1.0,-1.0,,,,
aluno60,2020,0.0,7.679582333333333,7.5,9.7,6.875,6.666666666666667,8.4375,8.124995,5.0,4,1.0,0.0,0.0,0.0,1.0,3,1.0,0.0,1,-1.0,1.0,-1.0,,,,
aluno60,2021,0.0,6.956,7.9,7.5,6.9,6.1,7.2,7.7,5.0,5,0.0,1.0,0.0,0.0,1.0,3,1.0,0.0,0,,,,0.0,1.0,1.0,1.0
aluno60,2022,0.0,5.783132947712418,8.33334,4.129901960784314,5.625,4.044444444444444,7.96875,7.277773333333332,5.0,6,0.0,0.0,1.0,0.0,1.0,1,1.0,0.0,0,-1.0,-1.0,-1.0,0.0,1.0,1.0,0.0
aluno61,2020,0.0,5.604168666666667,9.000020000000001,6.5,7.5,0.0,6.875,7.333333333333333,5.0,0,1.0,0.0,0.0,1.0,0.0,1,0.0,1.0,1,-1.0,-1.0,-1.0,,,,
aluno61,2021,0.0,3.017,0.0,1.3,5.6,0.0,6.9,5.1,5.0,1,0.0,1.0,0.0,1.0,0.0,1,0.0,1.0,0,,,,0.0,0.0,0.0,0.0
aluno61,2022,0.0,6.410355757575758,10.00002,7.787878787878788,7.5,2.5,6.25,7.38889,5.0,2,0.0,0.0,1.0,1.0,0.0,2,1.0,0.0,0,-1.0,1.0,-1.0,0.0,1.0,0.0,
aluno62,2020,0.0,6.330001333333334,7.91668,6.9,7.5,3.5,7.083333333333333,7.5,5.0,0,1.0,0.0,0.0,0.0,1.0,2,0.0,1.0,1,-1.0,-1.0,-1.0,,,,
aluno62,2021,0.0,5.704,8.5,4.6,7.5,3.1,8.1,6.2,5.0,1,0.0,1.0,0.0,0.0,1.0,2,0.0,1.0,0,,,,0.0,0.0,0.0,0.0
aluno63,2022,0.0,6.683821329434698,9.50002,8.544103313840155,5.625,5.083333333333334,5.625,6.91666,5.0,0,0.0,0.0,1.0,1.0,0.0,2,1.0,0.0,0,-1.0,1.0,-1.0,0.0,0.0,,
aluno64,2022,0.0,4.664931388888889,8.75001,3.611111111111112,7.5,2.833333333333333,4.84375,3.8333325,5.0,0,0.0,0.0,1.0,0.0,1.0,1,1.0,0.0,0,-1.0,-1.0,-1.0,1.0,0.0,0.0,-1.0
aluno65,2021,1.0,8.438,10.0,10.0,7.5,6.9,8.1,10.0,5.0,0,0.0,1.0,0.0,0.0,1.0,4,0.0,1.0,0,,,,1.0,1.0,0.0,0.0
aluno65,2022,1.0,7.987503111111112,10.00002,9.555555555555555,5.625,8.166666666666666,6.25,8.777783333333334,5.0,1,0.0,0.0,1.0,0.0,1.0,3,0.0,1.0,0,1.0,1.0,1.0,1.0,1.0,1.0,
aluno66,2021,0.0,6.875,8.0,6.3,7.5,5.9,8.5,7.7,5.0,0,0.0,1.0,0.0,1.0,0.0,2,0.0,1.0,0,,,,1.0,0.0,1.0,0.0
aluno66,2022,0.0,7.171874500000001,6.66667,5.784722222222221,7.5,7.777777777777779,7.34375,6.5416625,10.0,1,0.0,0.0,1.0,1.0,0.0,3,1.0,0.0,0,-1.0,-1.0,1.0,1.0,0.0,1.0,1.0
aluno67,2021,0.0,4.939,7.4,3.3,7.5,1.1,8.3,6.1,5.0,0,0.0,1.0,0.0,1.0,0.0,1,0.0,1.0,0,,,,1.0,0.0,0.0,0.0
aluno67,2022,0.0,6.770192769423559,9.000020000000001,7.88220551378446,5.0,5.583333333333333,5.9375,7.916665,5.0,1,0.0,0.0,1.0,1.0,0.0,2,1.0,0.0,0,1.0,1.0,-1.0,1.0,1.0,,
aluno68,2020,0.0,5.988752,9.000020000000001,7.6,7.5,0.0,7.1875,8.0,5.0,0,1.0,0.0,0.0,0.0,1.0,1,0.0,1.0,1,-1.0,1.0,-1.0,,,,
aluno69,2022,1.0,7.598297219273481,10.00002,7.545642763034067,7.5,7.883333333333333,5.625,8.5,5.0,0,0.0,0.0,1.0,0.0,1.0,3,1.0,0.0,0,1.0,1.0,1.0,1.0,0.0,,
aluno70,2022,1.0,8.205557333333335,10.00002,8.833333333333332,7.5,6.5,6.666666666666666,8.61111,10.0,0,0.0,0.0,1.0,1.0,0.0,4,1.0,0.0,0,1.0,1.0,-1.0,1.0,0.0,0.0,
aluno71,2020,0.0,7.550001,8.500020000000001,10.0,5.0,9.5,2.5,7.749995,5.0,1,1.0,0.0,0.0,1.0,0.0,1,0.0,1.0,1,-1.0,1.0,1.0,,,,
aluno72,2022,0.0,7.728843833635814,7.50002,8.602540834845735,8.125,8.833333333333332,5.625,8.083335,5.0,0,0.0,0.0,1.0,1.0,0.0,3,1.0,0.0,0,1.0,1.0,1.0,1.0,1.0,,
aluno73,2022,0.0,6.712044773504273,8.33334,6.992521367521367,7.5,6.5,6.71875,6.2916575,5.0,0,0.0,0.0,1.0,1.0,0.0,2,1.0,0.0,0,-1.0,-1.0,-1.0,0.0,0.0,0.0,1.0
aluno74,2022,0.0,6.684722722222222,7.91667,6.25,6.875,6.111111111111112,7.5,7.4166675,5.0,0,0.0,0.0,1.0,1.0,0.0,2,1.0,0.0,0,-1.0,-1.0,-1.0,1.0,0.0,1.0,1.0
aluno75,2020,1.0,9.687504,10.00002,10.0,10.0,9.0,9.375,9.75001,10.0,1,1.0,0.0,0.0,1.0,0.0,4,1.0,0.0,1,1.0,1.0,1.0,,,,
aluno75,2021,1.0,9.108,10.0,9.2,7.5,8.5,8.8,9.7,10.0,2,0.0,1.0,0.0,1.0,0.0,4,1.0,0.0,0,,,,1.0,1.0,1.0,1.0
aluno75,2022,1.0,9.441521857142858,10.00002,9.660714285714286,9.375,8.5,9.21875,9.75001,10.0,3,0.0,0.0,1.0,1.0,0.0,4,0.0,1.0,0,1.0,1.0,1.0,1.0,0.0,0.0,1.0
aluno76,2020,0.0,8.958334,8.91668,10.0,10.0,10.0,7.5,6.58333,10.0,0,1.0,0.0,0.0,1.0,0.0,4,0.0,1.0,1,1.0,1.0,1.0,,,,
aluno76,2021,1.0,8.869,10.0,10.0,7.5,7.6,7.5,9.2,10.0,1,0.0,1.0,0.0,1.0,0.0,4,0.0,1.0,0,,,,1.0,0.0,0.0,0.0
aluno76,2022,0.0,8.306175283950617,10.00002,9.419753086419751,7.5,7.166666666666666,5.833333333333334,8.27778,10.0,2,0.0,0.0,1.0,1.0,0.0,4,1.0,0.0,0,1.0,1.0,-1.0,0.0,1.0,1.0,
aluno77,2021,0.0,7.854,9.5,10.0,7.5,6.4,7.5,8.1,5.0,0,0.0,1.0,0.0,1.0,0.0,3,0.0,1.0,0,,,,0.0,0.0,0.0,0.0
aluno77,2022,0.0,7.901663220043574,10.00002,8.237472766884531,8.75,8.333333333333332,5.625,8.25,5.0,1,0.0,0.0,1.0,1.0,0.0,3,1.0,0.0,0,1.0,1.0,1.0,1.0,1.0,,
aluno78,2020,0.0,7.352085,9.50002,9.0,7.5,5.5,7.1875,7.666665,5.0,3,1.0,0.0,0.0,1.0,0.0,3,0.0,1.0,1,-1.0,1.0,-1.0,,,,
aluno78,2021,0.0,6.339,8.9,9.2,7.5,2.6,7.3,5.6,5.0,4,0.0,1.0,0.0,1.0,0.0,2,0.0,1.0,0,,,,1.0,0.0,0.0,0.0
aluno78,2022,0.0,7.604387307346327,6.91668,9.480259870064968,7.5,7.666666666666666,6.666666666666666,7.833336666666667,5.0,5,0.0,0.0,1.0,1.0,0.0,3,1.0,0.0,0,1.0,1.0,1.0,1.0,1.0,1.0,
aluno79,2022,0.0,7.110494326118326,9.58335,7.463924963924963,7.5,3.666666666666667,7.34375,7.20833,10.0,0,0.0,0.0,1.0,0.0,1.0,3,1.0,0.0,0,-1.0,-1.0,-1.0,0.0,0.0,0.0,1.0
aluno80,2020,0.0,6.499723333333334,6.9166799999999995,9.2,7.5,0.0,7.291666666666667,7.444443333333333,10.0,1,1.0,0.0,0.0,0.0,1.0,2,0.0,1.0,1,1.0,1.0,-1.0,,,,
aluno80,2022,0.0,6.580093259259259,6.83334,9.296296296296296,5.625,4.25,6.25,7.5,5.0,0,0.0,0.0,1.0,0.0,1.0,2,1.0,0.0,0,1.0,1.0,-1.0,0.0,1.0,0.0,
aluno81,2020,1.0,7.386391000000001,5.41667,8.8,7.5,6.0,8.125,9.11112,5.0,1,1.0,0.0,0.0,1.0,0.0,3,0.0,1.0,1,-1.0,1.0,-1.0,,,,
aluno81,2021,0.0,6.188,6.3,5.8,2.5,6.5,8.1,7.7,5.0,2,0.0,1.0,0.0,1.0,0.0,2,1.0,0.0,0,,,,1.0,1.0,1.0,0.0
aluno81,2022,1.0,7.474202506556246,8.33334,7.402950310559007,8.125,6.655555555555555,7.5,8.833336666666666,5.0,3,0.0,0.0,1.0,1.0,0.0,3,0.0,1.0,0,1.0,-1.0,-1.0,1.0,1.0,0.0,1.0
aluno82,2020,0.0,7.954169,8.500020000000001,10.0,7.5,8.5,6.875,7.333335,5.0,0,1.0,0.0,0.0,1.0,0.0,3,0.0,1.0,1,-1.0,1.0,1.0,,,,
aluno83,2020,1.0,8.155003333333333,9.16668,9.4,5.625,5.333333333333333,8.958333333333332,9.166676666666666,10.0,4,1.0,0.0,0.0,1.0,0.0,3,1.0,0.0,1,1.0,1.0,-1.0,,,,
aluno83,2021,0.0,5.987,6.7,6.4,3.8,3.0,7.3,6.7,10.0,5,0.0,1.0,0.0,1.0,0.0,2,1.0,0.0,0,,,,1.0,0.0,1.0,0.0
aluno83,2022,0.0,7.202977523809524,7.91667,7.819047619047619,7.5,6.8,6.875,7.750005,5.0,6,0.0,0.0,1.0,1.0,0.0,3,0.0,1.0,0,1.0,1.0,-1.0,1.0,0.0,1.0,
aluno84,2020,0.0,8.750001000000001,9.000020000000001,10.0,10.0,8.5,7.5,6.999995,10.0,0,1.0,0.0,0.0,1.0,0.0,4,0.0,1.0,1,1.0,1.0,1.0,,,,
aluno84,2021,0.0,7.867,3.5,10.0,7.5,6.8,7.5,8.3,10.0,1,0.0,1.0,0.0,1.0,0.0,3,0.0,1.0,0,,,,1.0,0.0,0.0,0.0
aluno84,2022,1.0,7.502401434343434,9.000020000000001,8.838383838383837,7.5,6.25,6.458333333333334,8.444446666666666,5.0,1,0.0,0.0,1.0,1.0,0.0,3,1.0,0.0,0,1.0,1.0,-1.0,0.0,1.0,1.0,
aluno85,2020,0.0,7.263334,9.50002,9.9,2.5,10.0,2.5,6.66666,5.0,1,1.0,0.0,0.0,0.0,1.0,2,0.0,1.0,1,-1.0,1.0,1.0,,,,
aluno85,2021,0.0,6.652,9.5,6.7,6.3,6.9,4.7,7.0,5.0,2,0.0,1.0,0.0,0.0,1.0,2,0.0,1.0,0,,,,1.0,0.0,0.0,0.0
aluno85,2022,1.0,7.744553615384616,9.50002,9.743589743589745,5.0,7.583333333333333,5.625,8.833335,5.0,3,0.0,0.0,1.0,0.0,1.0,3,1.0,0.0,0,1.0,1.0,1.0,1.0,1.0,,
aluno86,2020,0.0,5.688333833333334,8.33334,4.9,7.5,3.6666666666666665,7.5,5.7083325,5.0,1,1.0,0.0,0.0,0.0,1.0,1,0.0,1.0,1,-1.0,-1.0,-1.0,,,,
aluno87,2020,1.0,8.188612666666666,8.33334,9.2,5.625,6.666666666666667,8.749999999999998,8.722226666666666,10.0,4,1.0,0.0,0.0,1.0,0.0,3,1.0,0.0,1,1.0,1.0,-1.0,,,,
aluno87,2021,0.0,8.004,7.9,7.8,7.5,7.8,8.1,7.7,10.0,5,0.0,1.0,0.0,1.0,0.0,3,1.0,0.0,0,,,,1.0,1.0,1.0,0.0
aluno87,2022,0.0,6.644810737664296,9.16668,5.652169521654815,5.625,6.566666666666667,7.96875,7.1250025,5.0,6,0.0,0.0,1.0,1.0,0.0,2,0.0,1.0,0,-1.0,-1.0,-1.0,1.0,0.0,1.0,1.0
aluno88,2020,1.0,9.04042,10.00002,9.4,7.5,9.5,5.9375,9.58334,10.0,2,1.0,0.0,0.0,1.0,0.0,4,1.0,0.0,1,1.0,1.0,1.0,,,,
aluno88,2021,1.0,8.096,9.5,9.6,6.3,7.4,8.1,9.1,5.0,3,0.0,1.0,0.0,1.0,0.0,3,1.0,0.0,0,,,,1.0,0.0,1.0,0.0
aluno88,2022,1.0,8.427269800194932,9.58335,9.11793372319688,5.625,6.877777777777777,8.90625,9.0833375,10.0,4,0.0,0.0,1.0,1.0,0.0,4,0.0,1.0,0,1.0,1.0,-1.0,1.0,1.0,1.0,1.0
aluno89,2020,0.0,7.937502,10.00002,10.0,7.5,7.5,6.875,7.5,5.0,1,1.0,0.0,0.0,1.0,0.0,3,0.0,1.0,1,-1.0,1.0,1.0,,,,
aluno90,2020,0.0,7.073542833333333,8.33334,5.8,7.5,7.666666666666667,7.96875,7.5000025,5.0,1,1.0,0.0,0.0,0.0,1.0,2,0.0,1.0,1,-1.0,-1.0,1.0,,,,
aluno90,2021,0.0,5.994,7.1,5.0,7.5,4.6,7.2,7.0,5.0,2,0.0,1.0,0.0,0.0,1.0,2,0.0,1.0,0,,,,1.0,0.0,1.0,1.0
aluno90,2022,0.0,5.195056982905983,5.833320000000001,3.004807692307692,7.5,3.555555555555556,6.71875,6.888886666666665,5.0,3,0.0,0.0,1.0,0.0,1.0,1,1.0,0.0,0,-1.0,-1.0,-1.0,1.0,0.0,1.0,0.0
aluno91,2020,0.0,6.846668,9.000020000000001,6.4,6.875,4.5,5.625,7.58333,10.0,2,1.0,0.0,0.0,1.0,0.0,2,0.0,1.0,1,1.0,-1.0,-1.0,,,,
aluno91,2021,0.0,4.2,9.5,0.0,7.5,2.2,5.6,2.5,10.0,3,0.0,1.0,0.0,1.0,0.0,1,0.0,1.0,0,,,,0.0,0.0,0.0,0.0
aluno91,2022,0.0,7.412884468772608,8.500020000000001,7.918575677196368,7.5,7.916666666666667,6.458333333333334,7.500003333333334,5.0,4,0.0,0.0,1.0,1.0,0.0,3,1.0,0.0,0,1.0,1.0,1.0,0.0,1.0,1.0,
aluno92,2022,0.0,7.232068817813765,9.50002,9.26450742240216,7.5,5.416666666666666,5.625,7.66666,5.0,0,0.0,0.0,1.0,1.0,0.0,3,1.0,0.0,0,1.0,1.0,-1.0,0.0,0.0,,
aluno93,2021,0.0,6.248,8.0,4.2,7.5,5.1,6.6,5.9,10.0,0,0.0,1.0,0.0,1.0,0.0,2,0.0,1.0,0,,,,0.0,0.0,0.0,0.0
aluno94,2020,0.0,6.7552085,7.08333,6.0,7.5,4.0,7.96875,7.5000025,10.0,1,1.0,0.0,0.0,1.0,0.0,2,0.0,1.0,1,1.0,-1.0,-1.0,,,,
aluno94,2021,0.0,5.923,7.5,3.6,7.5,4.6,7.3,5.2,10.0,2,0.0,1.0,0.0,1.0,0.0,2,0.0,1.0,0,,,,0.0,0.0,1.0,1.0
aluno95,2020,0.0,7.336876333333333,9.58335,8.2,7.5,6.666666666666667,7.96875,6.791665,5.0,1,1.0,0.0,0.0,1.0,0.0,3,0.0,1.0,1,-1.0,1.0,-1.0,,,,
aluno95,2021,0.0,4.957,8.3,5.6,7.5,1.3,6.9,4.1,5.0,2,0.0,1.0,0.0,1.0,0.0,1,0.0,1.0,0,,,,1.0,0.0,1.0,0.0
aluno96,2020,1.0,6.432500999999999,9.16668,6.1,6.875,3.0,7.5,8.791664999999998,5.0,1,1.0,0.0,0.0,0.0,1.0,2,0.0,1.0,1,-1.0,-1.0,-1.0,,,,
aluno97,2020,0.0,7.393752,9.50002,8.0,7.5,6.0,8.4375,7.75,5.0,2,1.0,0.0,0.0,1.0,0.0,3,0.0,1.0,1,-1.0,1.0,-1.0,,,,
aluno97,2021,0.0,6.317,8.0,5.8,7.5,5.8,7.5,6.0,5.0,3,0.0,1.0,0.0,1.0,0.0,2,0.0,1.0,0,,,,1.0,0.0,1.0,0.0
aluno97,2022,0.0,7.501754052631579,7.91667,8.467105263157894,7.5,7.0,7.5,5.58333,10.0,4,0.0,0.0,1.0,1.0,0.0,3,1.0,0.0,0,-1.0,1.0,-1.0,1.0,0.0,1.0,1.0
aluno98,2021,0.0,6.953,9.2,6.4,7.5,6.3,7.5,7.5,5.0,0,0.0,1.0,0.0,1.0,0.0,3,0.0,1.0,0,,,,1.0,0.0,0.0,0.0
aluno98,2022,0.0,7.396527277777778,7.91667,8.520833333333332,7.5,7.055555555555556,7.8125,7.2916625,5.0,1,0.0,0.0,1.0,1.0,0.0,3,1.0,0.0,0,-1.0,1.0,-1.0,1.0,0.0,1.0,1.0
aluno99,2022,0.0,7.7833335,8.75001,10.0,7.5,7.25,7.5,7.2916625,5.0,0,0.0,0.0,1.0,0.0,1.0,3,1.0,0.0,0,-1.0,1.0,-1.0,1.0,0.0,0.0,0.0
aluno100,2020,0.0,6.908335000000001,9.000020000000001,6.5,4.375,7.5,6.875,7.916665,5.0,2,1.0,0.0,0.0,1.0,0.0,2,0.0,1.0,1,-1.0,-1.0,1.0,,,,
aluno100,2021,0.0,3.117,8.5,0.0,3.8,0.0,6.3,3.8,5.0,3,0.0,1.0,0.0,1.0,0.0,1,0.0,1.0,0,,,,0.0,0.0,0.0,0.0
aluno100,2022,0.0,6.042318760312152,9.000020000000001,8.475473801560758,5.0,1.666666666666666,6.25,7.444443333333333,5.0,4,0.0,0.0,1.0,1.0,0.0,2,1.0,0.0,0,-1.0,1.0,-1.0,0.0,1.0,0.0,
aluno101,2022,0.0,7.477568777777778,7.08333,7.854166666666666,6.25,6.622222222222223,7.65625,7.416665,10.0,0,0.0,0.0,1.0,0.0,1.0,3,1.0,0.0,0,-1.0,1.0,-1.0,1.0,0.0,1.0,1.0
aluno102,2020,0.0,7.966668666666667,8.000020000000001,8.5,7.5,7.0,7.5,7.833333333333333,10.0,0,1.0,0.0,0.0,0.0,1.0,3,0.0,1.0,1,1.0,1.0,-1.0,,,,
aluno102,2021,0.0,6.704,6.3,7.5,7.5,4.8,7.9,7.8,5.0,1,0.0,1.0,0.0,0.0,1.0,2,0.0,1.0,0,,,,0.0,0.0,0.0,0.0
aluno102,2022,0.0,7.475860455026456,7.333340000000001,8.941798941798943,7.5,7.666666666666666,6.041666666666667,7.833333333333333,5.0,2,0.0,0.0,1.0,0.0,1.0,3,1.0,0.0,0,1.0,1.0,1.0,0.0,1.0,0.0,
aluno103,2020,0.0,8.597919000000001,9.000020000000001,10.0,7.5,8.5,7.8125,7.333335,10.0,0,1.0,0.0,0.0,1.0,0.0,4,0.0,1.0,1,1.0,1.0,1.0,,,,
aluno103,2021,0.0,8.076,9.5,8.8,6.3,6.2,7.9,8.6,10.0,1,0.0,1.0,0.0,1.0,0.0,3,0.0,1.0,0,,,,1.0,0.0,0.0,0.0
aluno103,2022,0.0,7.105690655172413,9.50002,8.903448275862068,5.625,6.0,5.625,7.749995,5.0,2,0.0,0.0,1.0,1.0,0.0,3,1.0,0.0,0,1.0,1.0,-1.0,0.0,1.0,,
aluno104,2021,0.0,8.01,9.0,10.0,7.5,6.4,7.2,6.8,10.0,0,0.0,1.0,0.0,0.0,1.0,3,0.0,1.0,0,,,,0.0,0.0,0.0,0.0
aluno104,2022,1.0,8.357710510121457,10.00002,9.392712550607287,7.5,7.25,5.625,8.58333,10.0,1,0.0,0.0,1.0,0.0,1.0,4,1.0,0.0,0,1.0,1.0,-1.0,0.0,0.0,,
aluno105,2020,0.0,8.516877,9.16668,9.6,7.5,8.0,7.96875,7.66667,10.0,0,1.0,0.0,0.0,1.0,0.0,4,0.0,1.0,1,1.0,1.0,1.0,,,,
aluno105,2021,0.0,4.956,10.0,1.1,7.5,2.8,6.7,3.7,10.0,1,0.0,1.0,0.0,1.0,0.0,1,0.0,1.0,0,,,,0.0,0.0,1.0,0.0
aluno106,2020,0.0,8.450002,9.50002,10.0,7.5,10.0,7.5,7.5,5.0,0,1.0,0.0,0.0,1.0,0.0,3,0.0,1.0,1,-1.0,1.0,1.0,,,,
aluno106,2021,1.0,8.242,10.0,7.9,7.5,7.9,8.3,10.0,5.0,1,0.0,1.0,0.0,1.0,0.0,3,0.0,1.0,0,,,,1.0,0.0,1.0,0.0
aluno107,2022,0.0,6.01131119047619,7.91668,4.952380952380953,7.5,4.0,5.625,8.083335,5.0,0,0.0,0.0,1.0,1.0,0.0,2,1.0,0.0,0,1.0,-1.0,-1.0,0.0,0.0,,
aluno108,2022,0.0,7.642290505279036,9.000020000000001,8.565610859728508,7.5,8.416666666666668,5.625,7.666665,5.0,0,0.0,0.0,1.0,1.0,0.0,3,1.0,0.0,0,1.0,1.0,1.0,0.0,0.0,,
aluno109,2021,0.0,7.36,7.5,6.7,7.5,7.8,8.4,8.2,5.0,0,0.0,1.0,0.0,1.0,0.0,3,0.0,1.0,0,,,,1.0,1.0,1.0,1.0
aluno110,2022,0.0,7.426485448585232,10.00002,6.590752242926156,8.125,5.5,5.625,8.166665,10.0,0,0.0,0.0,1.0,0.0,1.0,3,1.0,0.0,0,1.0,-1.0,-1.0,1.0,0.0,,
aluno111,2020,0.0,6.8535425,7.91667,7.7,7.5,4.5,7.96875,7.8750025,5.0,0,1.0,0.0,0.0,1.0,0.0,2,0.0,1.0,1,-1.0,1.0,-1.0,,,,
aluno111,2021,0.0,7.222,8.3,8.1,7.5,6.0,8.4,7.4,5.0,1,0.0,1.0,0.0,1.0,0.0,3,0.0,1.0,0,,,,1.0,1.0,1.0,1.0
aluno112,2020,0.0,6.448887666666667,7.91667,6.8,4.375,5.333333333333333,7.708333333333334,7.611103333333333,5.0,2,1.0,0.0,0.0,1.0,0.0,2,0.0,1.0,1,-1.0,-1.0,-1.0,,,,
aluno112,2021,0.0,6.098,9.2,3.1,6.9,6.2,7.7,6.9,5.0,3,0.0,1.0,0.0,1.0,0.0,2,0.0,1.0,0,,,,1.0,0.0,1.0,1.0
aluno113,2020,0.0,7.693335000000001,8.500020000000001,8.8,7.5,7.5,7.5,7.916665,5.0,1,1.0,0.0,0.0,1.0,0.0,3,0.0,1.0,1,-1.0,1.0,1.0,,,,
aluno113,2021,0.0,6.664,9.5,7.1,7.5,4.6,8.1,6.6,5.0,2,0.0,1.0,0.0,1.0,0.0,2,0.0,1.0,0,,,,0.0,0.0,0.0,0.0
aluno113,2022,0.0,6.40909040909091,9.16668,6.253787878787879,5.625,5.166666666666666,5.625,5.4166575,10.0,3,0.0,0.0,1.0,1.0,0.0,2,1.0,0.0,0,-1.0,-1.0,-1.0,1.0,0.0,0.0,-1.0
aluno114,2022,0.0,7.484211146117041,9.50002,7.748129063918538,7.5,8.766666666666666,5.3125,7.25,5.0,0,0.0,0.0,1.0,0.0,1.0,3,1.0,0.0,0,-1.0,1.0,1.0,1.0,0.0,,
aluno115,2020,0.0,5.331389333333334,9.16668,1.9,6.875,5.166666666666667,7.916666666666667,5.111106666666666,5.0,1,1.0,0.0,0.0,0.0,1.0,1,0.0,1.0,1,-1.0,-1.0,-1.0,,,,
aluno116,2022,0.0,7.913890666666667,10.00002,9.333333333333332,7.5,5.75,6.25,7.61111,10.0,0,0.0,0.0,1.0,0.0,1.0,3,1.0,0.0,0,1.0,1.0,-1.0,0.0,1.0,0.0,
aluno117,2020,0.0,8.032085,8.000020000000001,8.9,7.5,9.5,7.1875,7.916665,5.0,0,1.0,0.0,0.0,1.0,0.0,3,0.0,1.0,1,-1.0,1.0,1.0,,,,
aluno117,2021,0.0,7.774,8.5,7.1,7.5,7.1,8.3,7.6,10.0,1,0.0,1.0,0.0,1.0,0.0,3,0.0,1.0,0,,,,1.0,0.0,0.0,0.0
aluno118,2020,0.0,8.342085,8.500020000000001,7.7,7.5,10.0,7.1875,7.416665,10.0,1,1.0,0.0,0.0,1.0,0.0,3,0.0,1.0,1,1.0,1.0,1.0,,,,
aluno118,2021,0.0,8.299,8.5,9.6,7.5,6.9,7.5,8.2,10.0,2,0.0,1.0,0.0,1.0,0.0,4,0.0,1.0,0,,,,1.0,0.0,0.0,0.0
aluno118,2022,1.0,8.334031111111113,10.00002,8.38888888888889,7.5,9.416666666666668,6.5625,9.33334,5.0,3,0.0,0.0,1.0,1.0,0.0,4,1.0,0.0,0,1.0,1.0,1.0,1.0,1.0,,
aluno119,2022,0.0,8.230908478550688,9.16668,8.635443503864556,6.25,8.888888888888888,7.34375,7.249995,10.0,0,0.0,0.0,1.0,1.0,0.0,4,1.0,0.0,0,-1.0,1.0,1.0,1.0,0.0,1.0,1.0
aluno120,2020,0.0,7.895835000000001,9.000020000000001,10.0,8.125,9.5,2.5,7.666665,5.0,1,1.0,0.0,0.0,1.0,0.0,3,0.0,1.0,1,-1.0,1.0,1.0,,,,
aluno120,2021,0.0,7.096,8.5,8.3,7.5,6.1,7.5,6.8,5.0,2,0.0,1.0,0.0,1.0,0.0,3,0.0,1.0,0,,,,0.0,0.0,0.0,0.0
aluno121,2022,0.0,6.244752193362194,8.000020000000001,8.466810966810968,7.5,2.5,6.458333333333334,6.777773333333332,5.0,0,0.0,0.0,1.0,1.0,0.0,2,1.0,0.0,0,-1.0,1.0,-1.0,0.0,0.0,0.0,
aluno122,2022,0.0,8.265278666666667,9.000020000000001,10.0,7.5,8.0,6.041666666666667,7.055549999999999,10.0,0,0.0,0.0,1.0,1.0,0.0,4,1.0,0.0,0,-1.0,1.0,1.0,0.0,0.0,0.0,
aluno123,2022,1.0,7.619194363636365,9.50002,6.818181818181817,7.5,6.0,6.666666666666666,8.444446666666668,10.0,0,0.0,0.0,1.0,1.0,0.0,3,1.0,0.0,0,1.0,-1.0,-1.0,0.0,0.0,0.0,
aluno124,2021,1.0,8.275,9.0,8.3,7.5,6.1,8.1,9.7,10.0,0,0.0,1.0,0.0,0.0,1.0,4,0.0,1.0,0,,,,1.0,1.0,0.0,0.0
aluno124,2022,0.0,7.209561440115441,9.000020000000001,8.033910533910534,7.5,5.166666666666667,5.416666666666667,6.888886666666665,10.0,1,0.0,0.0,1.0,0.0,1.0,3,1.0,0.0,0,-1.0,1.0,-1.0,0.0,1.0,0.0,
aluno125,2020,0.0,7.187502,9.000020000000001,9.0,7.5,5.0,7.708333333333334,7.333333333333333,5.0,0,1.0,0.0,0.0,0.0,1.0,2,0.0,1.0,1,-1.0,1.0,-1.0,,,,
aluno125,2021,0.0,6.461,6.3,4.6,7.5,4.6,7.9,7.2,10.0,1,0.0,1.0,0.0,0.0,1.0,2,0.0,1.0,0,,,,0.0,0.0,1.0,0.0
aluno126,2021,0.0,6.069,9.0,4.2,7.5,4.5,7.2,7.3,5.0,0,0.0,1.0,0.0,1.0,0.0,2,0.0,1.0,0,,,,0.0,0.0,0.0,0.0
aluno126,2022,0.0,7.216575886639676,9.000020000000001,8.468286099865047,7.5,7.333333333333333,4.0625,7.5,5.0,1,0.0,0.0,1.0,1.0,0.0,3,1.0,0.0,0,1.0,1.0,-1.0,1.0,1.0,,
aluno127,2021,0.0,6.907,10.0,7.1,7.5,5.6,7.5,6.9,5.0,0,0.0,1.0,0.0,1.0,0.0,3,0.0,1.0,0,,,,0.0,0.0,0.0,0.0
aluno127,2022,0.0,6.865748086580086,10.00002,7.932900432900433,7.5,5.5,5.625,6.833329999999998,5.0,1,0.0,0.0,1.0,1.0,0.0,2,1.0,0.0,0,-1.0,1.0,-1.0,0.0,1.0,0.0,
aluno128,2020,0.0,5.854169000000001,7.41668,10.0,5.625,5.5,2.5,3.500005,5.0,1,1.0,0.0,0.0,1.0,0.0,1,0.0,1.0,1,-1.0,1.0,-1.0,,,,
aluno128,2021,0.0,5.229,7.9,6.7,4.4,4.0,2.5,5.6,5.0,2,0.0,1.0,0.0,1.0,0.0,1,0.0,1.0,0,,,,0.0,0.0,0.0,0.0
aluno128,2022,0.0,7.00427655844156,9.000020000000001,9.45887445887446,5.625,6.083333333333333,5.0,7.166665,5.0,3,0.0,0.0,1.0,1.0,0.0,2,1.0,0.0,0,-1.0,1.0,-1.0,0.0,0.0,,
aluno129,2021,0.0,5.819,7.4,4.2,7.5,4.6,7.2,4.3,10.0,0,0.0,1.0,0.0,1.0,0.0,2,0.0,1.0,0,,,,0.0,0.0,0.0,0.0
aluno129,2022,0.0,7.203235887774063,9.000020000000001,6.793942772203643,5.625,8.083333333333332,6.875,7.888893333333335,5.0,1,0.0,0.0,1.0,1.0,0.0,3,1.0,0.0,0,1.0,-1.0,1.0,1.0,1.0,1.0,
aluno130,2022,0.0,8.259504831168831,9.50002,7.489177489177488,8.125,9.266666666666666,5.625,7.91667,10.0,0,0.0,0.0,1.0,1.0,0.0,4,1.0,0.0,0,1.0,-1.0,1.0,0.0,0.0,,
aluno131,2022,0.0,7.423958,7.91667,8.75,4.375,6.75,7.03125,6.95833,10.0,0,0.0,0.0,1.0,1.0,0.0,3,1.0,0.0,0,-1.0,1.0,-1.0,1.0,0.0,1.0,0.0
aluno132,2020,0.0,7.344792,8.75001,6.5,7.5,6.0,8.28125,6.95833,10.0,3,1.0,0.0,0.0,1.0,0.0,3,0.0,1.0,1,1.0,-1.0,-1.0,,,,
aluno133,2020,0.0,8.428752,10.00002,9.8,7.5,10.0,7.1875,7.5,5.0,1,1.0,0.0,0.0,0.0,1.0,3,0.0,1.0,1,-1.0,1.0,1.0,,,,
aluno133,2021,0.0,7.99,9.5,9.6,7.5,7.1,7.7,8.4,5.0,2,0.0,1.0,0.0,0.0,1.0,3,0.0,1.0,0,,,,1.0,0.0,0.0,0.0
aluno133,2022,0.0,7.292060604010025,8.000020000000001,9.116541353383456,6.875,7.166666666666666,5.3125,7.583335,5.0,3,0.0,0.0,1.0,0.0,1.0,3,1.0,0.0,0,1.0,1.0,-1.0,0.0,1.0,,
aluno134,2022,0.0,7.086938830687831,10.00002,9.153439153439152,5.625,5.75,7.1875,6.624995,5.0,0,0.0,0.0,1.0,1.0,0.0,3,1.0,0.0,0,-1.0,1.0,-1.0,1.0,0.0,1.0,0.0
aluno135,2020,0.0,7.798752,9.000020000000001,8.4,7.5,6.5,7.1875,7.25,10.0,1,1.0,0.0,0.0,1.0,0.0,3,0.0,1.0,1,1.0,1.0,-1.0,,,,
aluno135,2021,0.0,5.788,9.5,4.2,6.3,3.6,6.9,7.3,5.0,2,0.0,1.0,0.0,1.0,0.0,2,0.0,1.0,0,,,,1.0,0.0,0.0,0.0
aluno135,2022,0.0,5.262717116883117,9.000020000000001,4.75108225108225,5.0,2.416666666666667,5.625,6.833326666666666,5.0,3,0.0,0.0,1.0,1.0,0.0,1,1.0,0.0,0,-1.0,-1.0,-1.0,0.0,1.0,0.0,
aluno136,2020,0.0,4.643056,7.5,4.0,4.375,2.0,6.666666666666667,5.444446666666667,5.0,2,1.0,0.0,0.0,1.0,0.0,1,0.0,1.0,1,-1.0,-1.0,-1.0,,,,
aluno137,2021,0.0,6.012,8.0,5.8,7.5,5.3,5.0,6.2,5.0,0,0.0,1.0,0.0,1.0,0.0,2,0.0,1.0,0,,,,0.0,0.0,0.0,0.0
aluno138,2022,1.0,8.452910432147561,10.00002,9.552042160737813,7.5,9.65,5.625,9.0,5.0,0,0.0,0.0,1.0,1.0,0.0,4,1.0,0.0,0,1.0,1.0,1.0,1.0,0.0,,
aluno139,2020,0.0,6.105834000000001,9.16668,5.8,7.5,4.333333333333333,8.125,5.499996666666667,5.0,0,1.0,0.0,0.0,1.0,0.0,2,0.0,1.0,1,-1.0,-1.0,-1.0,,,,
aluno140,2022,0.0,6.952048450292399,9.50002,7.218567251461989,5.625,7.25,5.625,7.416665,5.0,0,0.0,0.0,1.0,1.0,0.0,2,1.0,0.0,0,-1.0,-1.0,-1.0,1.0,1.0,,
aluno141,2022,0.0,7.338636696969697,9.58335,8.068181818181818,7.5,5.166666666666667,7.5,6.166660000000001,10.0,0,0.0,0.0,1.0,0.0,1.0,3,1.0,0.0,0,-1.0,1.0,-1.0,0.0,0.0,0.0,
aluno142,2022,1.0,8.083730668737061,10.00002,8.989820565907522,7.5,7.777777777777779,7.96875,8.41667,5.0,0,0.0,0.0,1.0,1.0,0.0,4,1.0,0.0,0,1.0,1.0,1.0,1.0,1.0,1.0,1.0
aluno143,2021,0.0,6.278,7.9,4.4,6.3,4.3,7.5,6.8,10.0,0,0.0,1.0,0.0,0.0,1.0,2,0.0,1.0,0,,,,1.0,0.0,0.0,0.0
aluno143,2022,0.0,6.330913823620824,8.75001,6.444493006993008,5.0,5.111111111111111,7.03125,7.208335,5.0,1,0.0,0.0,1.0,0.0,1.0,2,1.0,0.0,0,-1.0,-1.0,-1.0,1.0,0.0,1.0,1.0
aluno144,2022,0.0,7.946686340802987,8.33334,9.15703781512605,7.5,7.888888888888888,8.125,8.208335,5.0,0,0.0,0.0,1.0,0.0,1.0,3,1.0,0.0,0,1.0,1.0,1.0,1.0,0.0,1.0,1.0
aluno145,2020,1.0,8.345001166666666,7.91667,9.1,7.5,7.333333333333333,7.5,8.8333375,10.0,1,1.0,0.0,0.0,0.0,1.0,3,1.0,0.0,1,1.0,1.0,-1.0,,,,
aluno146,2020,0.0,6.385835333333334,10.00002,7.2,7.5,0.0,7.291666666666667,7.333333333333333,10.0,2,1.0,0.0,0.0,1.0,0.0,2,0.0,1.0,1,1.0,-1.0,-1.0,,,,
aluno147,2020,0.0,5.934724000000001,9.000020000000001,8.0,7.5,0.0,7.291666666666667,7.277776666666666,5.0,1,1.0,0.0,0.0,1.0,0.0,1,0.0,1.0,1,-1.0,1.0,-1.0,,,,
aluno148,2022,0.0,7.618983703703704,9.50002,9.351851851851851,7.5,6.5,6.041666666666667,8.222223333333332,5.0,0,0.0,0.0,1.0,1.0,0.0,3,1.0,0.0,0,1.0,1.0,-1.0,1.0,1.0,0.0,
aluno149,2020,0.0,7.131667,7.5,8.7,5.625,3.0,8.125,8.333335,10.0,1,1.0,0.0,0.0,1.0,0.0,2,0.0,1.0,1,1.0,1.0,-1.0,,,,
aluno149,2021,1.0,8.36,8.8,8.1,6.9,7.4,8.3,9.4,10.0,2,0.0,1.0,0.0,1.0,0.0,4,1.0,0.0,0,,,,1.0,1.0,1.0,1.0
aluno150,2022,1.0,8.219954610229276,10.00002,9.717813051146384,5.0,9.0,6.875,8.94445,5.0,0,0.0,0.0,1.0,0.0,1.0,4,1.0,0.0,0,1.0,1.0,1.0,1.0,1.0,1.0,
aluno151,2020,0.0,8.238891333333333,9.50002,9.5,7.5,7.5,9.166666666666666,8.611113333333334,5.0,1,1.0,0.0,0.0,0.0,1.0,3,0.0,1.0,1,-1.0,1.0,1.0,,,,
aluno151,2021,1.0,9.004,9.5,9.6,8.1,9.1,10.0,10.0,5.0,2,0.0,1.0,0.0,0.0,1.0,4,1.0,0.0,0,,,,1.0,1.0,1.0,0.0
aluno151,2022,0.0,8.225582168498168,8.33334,8.436240842490841,6.875,7.900000000000001,8.125,8.125,10.0,3,0.0,0.0,1.0,0.0,1.0,4,0.0,1.0,0,1.0,1.0,1.0,1.0,0.0,1.0,0.0
aluno152,2020,0.0,7.963542166666667,6.24999,9.0,7.5,6.333333333333333,7.96875,8.6250075,10.0,1,1.0,0.0,0.0,1.0,0.0,3,1.0,0.0,1,1.0,1.0,-1.0,,,,
aluno152,2021,1.0,8.672,8.8,8.3,7.5,8.0,8.3,9.8,10.0,2,0.0,1.0,0.0,1.0,0.0,4,1.0,0.0,0,,,,1.0,1.0,1.0,0.0
aluno152,2022,0.0,7.618388587937373,8.75001,7.806870995242416,5.0,7.644444444444443,7.03125,7.2499975,10.0,3,0.0,0.0,1.0,1.0,0.0,3,0.0,1.0,0,-1.0,1.0,1.0,1.0,0.0,1.0,1.0
aluno153,2020,1.0,8.167711833333334,10.00002,9.0,7.5,4.666666666666667,8.59375,9.1250075,10.0,3,1.0,0.0,0.0,0.0,1.0,3,1.0,0.0,1,1.0,1.0,-1.0,,,,
aluno153,2021,1.0,8.355,10.0,7.5,7.5,7.5,8.0,9.0,10.0,4,0.0,1.0,0.0,0.0,1.0,4,1.0,0.0,0,,,,1.0,1.0,1.0,1.0
aluno153,2022,1.0,9.105280944444443,10.00002,9.09722222222222,8.125,8.700000000000001,8.75,9.2916725,10.0,5,0.0,0.0,1.0,0.0,1.0,4,0.0,1.0,0,1.0,1.0,1.0,1.0,0.0,1.0,1.0
aluno154,2020,0.0,5.8845849999999995,8.500020000000001,7.1,7.5,0.0,7.8125,7.916665,5.0,1,1.0,0.0,0.0,0.0,1.0,1,0.0,1.0,1,-1.0,-1.0,-1.0,,,,
aluno154,2021,0.0,5.163,9.5,2.9,7.5,1.5,8.1,6.3,5.0,2,0.0,1.0,0.0,0.0,1.0,1,0.0,1.0,0,,,,0.0,0.0,0.0,0.0
aluno154,2022,0.0,4.934497092833093,3.49998,3.797498797498797,7.5,3.75,6.25,5.999996666666666,5.0,3,0.0,0.0,1.0,0.0,1.0,1,1.0,0.0,0,-1.0,-1.0,-1.0,0.0,0.0,0.0,
aluno155,2021,0.0,5.082,7.1,5.3,0.0,3.4,8.1,6.6,5.0,0,0.0,1.0,0.0,0.0,1.0,1,0.0,1.0,0,,,,0.0,1.0,0.0,0.0
aluno156,2020,0.0,7.1105566666666675,7.91668,8.9,7.5,5.0,6.666666666666667,8.11111,5.0,2,1.0,0.0,0.0,0.0,1.0,2,1.0,0.0,1,-1.0,1.0,-1.0,,,,
aluno156,2021,0.0,7.981,7.5,7.8,6.3,7.3,8.3,8.8,10.0,3,0.0,1.0,0.0,0.0,1.0,3,1.0,0.0,0,,,,0.0,1.0,1.0,0.0
aluno156,2022,0.0,7.535259906926407,7.91667,8.159632034632034,5.0,6.599999999999999,7.5,7.7083325,10.0,4,0.0,0.0,1.0,0.0,1.0,3,0.0,1.0,0,1.0,1.0,-1.0,1.0,0.0,1.0,1.0
aluno157,2020,0.0,7.177224000000001,9.50002,6.4,7.5,6.75,7.916666666666668,7.777776666666667,5.0,1,1.0,0.0,0.0,0.0,1.0,2,0.0,1.0,1,-1.0,-1.0,-1.0,,,,
aluno158,2020,0.0,6.064722,9.16668,5.9,3.75,5.0,7.708333333333334,6.611103333333333,5.0,2,1.0,0.0,0.0,1.0,0.0,1,0.0,1.0,1,-1.0,-1.0,-1.0,,,,
aluno158,2021,0.0,6.056,8.3,6.1,6.9,4.5,6.9,6.1,5.0,3,0.0,1.0,0.0,1.0,0.0,2,0.0,1.0,0,,,,1.0,0.0,1.0,0.0
aluno158,2022,0.0,5.623852223240812,8.33334,4.747740005092947,5.0,4.111111111111112,7.1875,6.49999,5.0,4,0.0,0.0,1.0,1.0,0.0,1,1.0,0.0,0,-1.0,-1.0,-1.0,1.0,0.0,1.0,1.0
aluno159,2021,1.0,8.025,9.0,10.0,7.5,6.1,8.1,9.3,5.0,0,0.0,1.0,0.0,1.0,0.0,3,0.0,1.0,0,,,,0.0,0.0,0.0,0.0
aluno159,2022,1.0,7.484878876543211,9.000020000000001,8.966049382716049,5.625,7.25,5.625,8.583335,5.0,1,0.0,0.0,1.0,1.0,0.0,3,1.0,0.0,0,1.0,1.0,-1.0,1.0,1.0,,
aluno160,2020,0.0,4.478057333333334,8.000020000000001,2.3,5.0,0.0,7.291666666666667,7.444443333333333,5.0,2,1.0,0.0,0.0,1.0,0.0,1,0.0,1.0,1,-1.0,-1.0,-1.0,,,,
aluno161,2020,,8.891667,7.91667,10.0,7.5,9.0,0.0,0.0,10.0,4,1.0,0.0,0.0,1.0,0.0,3,1.0,0.0,1,,1.0,1.0,,,,
aluno162,2020,0.0,7.953752000000001,8.500020000000001,8.8,7.5,8.5,8.4375,7.75,5.0,2,1.0,0.0,0.0,0.0,1.0,3,0.0,1.0,1,-1.0,1.0,1.0,,,,
aluno162,2021,0.0,7.531,8.5,10.0,7.5,6.6,7.5,6.8,5.0,3,0.0,1.0,0.0,0.0,1.0,3,0.0,1.0,0,,,,0.0,0.0,1.0,0.0
aluno163,2020,0.0,6.440002,7.50002,8.2,5.0,6.25,2.5,7.75,5.0,3,1.0,0.0,0.0,0.0,1.0,2,0.0,1.0,1,-1.0,1.0,-1.0,,,,
aluno164,2020,0.0,7.708752,9.50002,8.7,7.5,7.5,7.1875,7.75,5.0,1,1.0,0.0,0.0,1.0,0.0,3,0.0,1.0,1,-1.0,1.0,1.0,,,,
aluno164,2021,0.0,7.125,9.5,5.8,7.5,5.9,7.5,6.7,10.0,2,0.0,1.0,0.0,1.0,0.0,3,0.0,1.0,0,,,,1.0,0.0,0.0,0.0
aluno164,2022,0.0,6.837216877492878,8.500020000000001,7.304131054131053,7.5,5.75,6.041666666666667,7.61111,5.0,3,0.0,0.0,1.0,1.0,0.0,2,1.0,0.0,0,1.0,-1.0,-1.0,0.0,1.0,0.0,
aluno165,2020,0.0,8.431252,9.000020000000001,10.0,7.5,10.0,7.8125,7.5,5.0,1,1.0,0.0,0.0,1.0,0.0,3,0.0,1.0,1,-1.0,1.0,1.0,,,,
aluno165,2021,0.0,7.579,10.0,7.5,7.5,7.3,8.3,7.7,5.0,2,0.0,1.0,0.0,1.0,0.0,3,0.0,1.0,0,,,,1.0,0.0,1.0,0.0
aluno165,2022,1.0,8.18081096969697,8.500020000000001,9.848484848484848,8.125,8.416666666666668,6.875,8.388893333333334,5.0,3,0.0,0.0,1.0,1.0,0.0,4,1.0,0.0,0,1.0,1.0,1.0,1.0,0.0,0.0,
aluno166,2022,0.0,6.641311207977208,9.50002,9.03988603988604,4.375,4.75,5.625,7.16666,5.0,0,0.0,0.0,1.0,1.0,0.0,2,1.0,0.0,0,-1.0,1.0,-1.0,0.0,1.0,,
aluno167,2021,0.0,7.639,10.0,9.2,7.5,5.8,7.5,8.3,5.0,0,0.0,1.0,0.0,1.0,0.0,3,0.0,1.0,0,,,,0.0,0.0,0.0,0.0
aluno167,2022,0.0,6.985914031746033,8.500020000000001,8.825396825396826,7.5,2.75,6.041666666666667,7.333329999999999,10.0,1,0.0,0.0,1.0,1.0,0.0,2,1.0,0.0,0,-1.0,1.0,-1.0,0.0,1.0,0.0,
aluno168,2020,0.0,8.082224,10.00002,8.8,7.5,8.5,7.5,8.11111,5.0,1,1.0,0.0,0.0,1.0,0.0,3,0.0,1.0,1,-1.0,1.0,1.0,,,,
aluno168,2021,0.0,3.524,0.0,1.7,5.6,2.5,7.5,4.4,5.0,2,0.0,1.0,0.0,1.0,0.0,1,0.0,1.0,0,,,,0.0,0.0,0.0,0.0
aluno168,2022,0.0,6.434172224089636,9.000020000000001,6.002801120448179,6.25,6.133333333333333,6.041666666666667,6.888883333333332,5.0,3,0.0,0.0,1.0,1.0,0.0,2,1.0,0.0,0,-1.0,-1.0,-1.0,0.0,0.0,1.0,
aluno169,2020,0.0,7.800001000000001,9.000020000000001,10.0,5.0,10.0,2.5,5.749995,10.0,0,1.0,0.0,0.0,1.0,0.0,3,0.0,1.0,1,1.0,1.0,1.0,,,,
aluno169,2021,0.0,6.898,8.5,10.0,4.4,6.1,5.3,6.8,5.0,1,0.0,1.0,0.0,1.0,0.0,3,0.0,1.0,0,,,,0.0,0.0,0.0,0.0
aluno169,2022,0.0,7.284936897435898,9.50002,8.945512820512821,5.0,6.916666666666666,5.625,7.999995,5.0,2,0.0,0.0,1.0,1.0,0.0,3,1.0,0.0,0,1.0,1.0,-1.0,0.0,0.0,,
aluno170,2022,0.0,7.523833791887125,7.50002,8.959435626102293,7.5,8.25,6.041666666666667,7.38889,5.0,0,0.0,0.0,1.0,1.0,0.0,3,1.0,0.0,0,-1.0,1.0,1.0,0.0,0.0,0.0,
aluno171,2021,1.0,8.036,8.8,8.9,7.5,7.5,8.3,9.0,5.0,0,0.0,1.0,0.0,1.0,0.0,3,0.0,1.0,0,,,,1.0,1.0,1.0,0.0
aluno171,2022,0.0,7.304860777777779,7.91667,8.255555555555556,7.5,7.633333333333333,7.1875,6.83333,5.0,1,0.0,0.0,1.0,1.0,0.0,3,1.0,0.0,0,-1.0,1.0,1.0,1.0,0.0,1.0,1.0
aluno172,2022,0.0,6.407077164021164,6.41668,8.32010582010582,5.0,5.75,5.625,6.94444,5.0,0,0.0,0.0,1.0,1.0,0.0,2,1.0,0.0,0,-1.0,1.0,-1.0,1.0,1.0,0.0,
aluno173,2020,0.0,3.7383341666666663,7.91667,0.9,3.125,2.8333333333333335,5.625,4.1250025,5.0,4,1.0,0.0,0.0,1.0,0.0,1,0.0,1.0,1,-1.0,-1.0,-1.0,,,,
aluno173,2021,0.0,6.532,9.6,6.7,5.0,4.9,7.7,7.5,5.0,5,0.0,1.0,0.0,1.0,0.0,2,0.0,1.0,0,,,,0.0,0.0,1.0,0.0
aluno174,2020,,7.921668,9.16668,10.0,5.625,7.2,0.0,0.0,10.0,3,1.0,0.0,0.0,0.0,1.0,3,1.0,0.0,1,1.0,1.0,-1.0,,,,
aluno175,2022,0.0,7.540822106753813,8.33334,7.676334422657952,7.5,6.111111111111111,7.5,7.249995,10.0,0,0.0,0.0,1.0,1.0,0.0,3,1.0,0.0,0,-1.0,1.0,-1.0,1.0,0.0,1.0,1.0
aluno176,2021,0.0,5.674,7.5,6.3,5.0,4.3,6.7,5.7,5.0,0,0.0,1.0,0.0,1.0,0.0,2,0.0,1.0,0,,,,0.0,0.0,0.0,0.0
aluno176,2022,0.0,5.096608405982907,6.66666,7.391025641025641,5.0,2.888888888888889,5.15625,4.2916725,5.0,5,0.0,0.0,1.0,1.0,0.0,1,1.0,0.0,0,-1.0,-1.0,-1.0,1.0,0.0,0.0,-1.0
aluno177,2021,0.0,7.196,9.0,8.3,7.5,4.6,6.9,6.3,10.0,0,0.0,1.0,0.0,1.0,0.0,3,0.0,1.0,0,,,,0.0,0.0,0.0,0.0
aluno177,2022,0.0,8.27865517948718,9.50002,8.964102564102564,7.5,8.783333333333333,5.625,7.33333,10.0,1,0.0,0.0,1.0,1.0,0.0,4,1.0,0.0,0,-1.0,1.0,1.0,1.0,0.0,,
aluno178,2022,0.0,7.205336595776773,8.500020000000001,9.547511312217194,7.5,3.416666666666667,5.625,7.249995,10.0,0,0.0,0.0,1.0,1.0,0.0,3,1.0,0.0,0,-1.0,1.0,-1.0,0.0,0.0,,
aluno179,2022,0.0,7.68295498989899,6.83334,8.69949494949495,7.5,9.5,6.875,7.111109999999999,5.0,0,0.0,0.0,1.0,1.0,0.0,3,1.0,0.0,0,-1.0,1.0,1.0,1.0,0.0,0.0,
aluno180,2022,0.0,6.039586333333334,9.000020000000001,7.916666666666666,6.25,3.5,5.3125,6.000005,5.0,0,0.0,0.0,1.0,1.0,0.0,2,1.0,0.0,0,-1.0,1.0,-1.0,0.0,0.0,,
aluno181,2022,0.0,7.910768840791018,9.000020000000001,9.105915870621754,7.5,8.083333333333332,6.5625,8.333335,5.0,0,0.0,0.0,1.0,0.0,1.0,3,1.0,0.0,0,1.0,1.0,1.0,1.0,1.0,,
aluno182,2022,0.0,7.093227724696356,9.50002,6.518218623481781,6.875,6.0,4.6875,7.41666,10.0,0,0.0,0.0,1.0,0.0,1.0,3,1.0,0.0,0,-1.0,-1.0,-1.0,0.0,0.0,,
aluno183,2020,0.0,7.862503,9.000020000000001,10.0,8.125,10.0,2.5,7.000005,5.0,2,1.0,0.0,0.0,0.0,1.0,3,0.0,1.0,1,-1.0,1.0,1.0,,,,
aluno184,2020,0.0,8.257224,10.00002,8.3,7.5,7.5,7.916666666666668,7.777776666666667,10.0,2,1.0,0.0,0.0,0.0,1.0,3,0.0,1.0,1,1.0,1.0,1.0,,,,
aluno184,2021,0.0,7.896,8.5,9.2,7.5,5.6,7.5,8.0,10.0,3,0.0,1.0,0.0,0.0,1.0,3,0.0,1.0,0,,,,0.0,0.0,0.0,0.0
aluno185,2021,0.0,7.906,8.0,10.0,7.5,5.4,7.2,7.8,10.0,0,0.0,1.0,0.0,0.0,1.0,3,0.0,1.0,0,,,,0.0,0.0,0.0,0.0
aluno185,2022,0.0,7.617045315375983,8.500020000000001,8.243546576879911,8.125,8.8,5.625,7.41667,5.0,1,0.0,0.0,1.0,0.0,1.0,3,1.0,0.0,0,-1.0,1.0,1.0,1.0,0.0,,
aluno186,2020,0.0,6.314166333333334,8.75001,5.8,7.5,5.666666666666667,8.125,6.66666,2.5,0,1.0,0.0,0.0,1.0,0.0,2,0.0,1.0,1,-1.0,-1.0,-1.0,,,,
aluno187,2020,0.0,6.41389,8.500020000000001,8.0,7.5,0.0,7.916666666666667,7.111106666666665,10.0,0,1.0,0.0,0.0,1.0,0.0,2,0.0,1.0,1,1.0,1.0,-1.0,,,,
aluno188,2020,1.0,7.744167,7.08333,4.7,7.5,9.0,8.125,8.66667,10.0,2,1.0,0.0,0.0,1.0,0.0,3,0.0,1.0,1,1.0,-1.0,1.0,,,,
aluno188,2021,0.0,6.435,7.1,5.8,7.5,4.7,8.1,7.8,5.0,3,0.0,1.0,0.0,1.0,0.0,2,0.0,1.0,0,,,,1.0,1.0,0.0,0.0
aluno189,2020,0.0,7.2558353333333345,8.000020000000001,8.3,5.0,8.0,7.291666666666667,7.333333333333333,5.0,0,1.0,0.0,0.0,1.0,0.0,2,0.0,1.0,1,-1.0,1.0,1.0,,,,
aluno190,2020,1.0,8.733751333333334,8.33334,9.2,6.875,7.666666666666667,9.0625,9.666670000000002,10.0,3,1.0,0.0,0.0,0.0,1.0,4,1.0,0.0,1,1.0,1.0,1.0,,,,
aluno191,2022,0.0,6.709725111111111,9.50002,8.722222222222221,5.0,6.5,4.375,6.388893333333333,5.0,0,0.0,0.0,1.0,1.0,0.0,2,1.0,0.0,0,-1.0,1.0,-1.0,0.0,1.0,0.0,
aluno192,2020,0.0,4.854723333333333,7.41668,5.1,5.0,0.0,6.041666666666666,7.444443333333333,5.0,2,1.0,0.0,0.0,1.0,0.0,1,0.0,1.0,1,-1.0,-1.0,-1.0,,,,
aluno192,2022,0.0,6.722024920634921,8.500020000000001,8.103174603174603,7.5,5.0,6.458333333333334,6.777773333333331,5.0,0,0.0,0.0,1.0,1.0,0.0,2,1.0,0.0,0,-1.0,1.0,-1.0,0.0,0.0,0.0,
aluno193,2020,1.0,8.539168666666667,10.00002,9.8,5.0,7.0,8.125,9.333333333333332,10.0,4,1.0,0.0,0.0,1.0,0.0,4,0.0,1.0,1,1.0,1.0,-1.0,,,,
aluno193,2021,1.0,8.215,9.2,10.0,5.6,7.7,7.9,9.6,5.0,5,0.0,1.0,0.0,1.0,0.0,3,0.0,1.0,0,,,,1.0,1.0,0.0,0.0
aluno193,2022,0.0,7.174196928571429,8.75001,9.038690476190476,5.625,5.566666666666666,7.65625,7.7499975,5.0,6,0.0,0.0,1.0,1.0,0.0,3,1.0,0.0,0,1.0,1.0,-1.0,1.0,0.0,1.0,1.0
aluno194,2020,0.0,7.1214596666666665,8.33334,8.3,6.875,6.333333333333333,7.65625,7.04167,5.0,3,1.0,0.0,0.0,0.0,1.0,2,1.0,0.0,1,-1.0,1.0,-1.0,,,,
aluno195,2022,0.0,6.745479946323136,7.50002,8.046833064949007,7.5,4.833333333333333,6.25,7.722223333333334,5.0,0,0.0,0.0,1.0,1.0,0.0,2,1.0,0.0,0,1.0,1.0,-1.0,0.0,1.0,0.0,
aluno196,2022,0.0,7.254680434997751,9.16668,8.535551619433198,5.625,7.055555555555554,7.65625,6.95833,5.0,0,0.0,0.0,1.0,1.0,0.0,3,1.0,0.0,0,-1.0,1.0,-1.0,1.0,0.0,1.0,0.0
aluno197,2020,0.0,8.832500666666666,8.33334,9.6,7.5,8.666666666666666,8.958333333333332,8.5,10.0,1,1.0,0.0,0.0,0.0,1.0,4,0.0,1.0,1,1.0,1.0,1.0,,,,
aluno197,2021,0.0,7.751,8.3,7.2,7.5,6.0,8.1,8.6,10.0,2,0.0,1.0,0.0,0.0,1.0,3,1.0,0.0,0,,,,1.0,1.0,1.0,0.0
aluno197,2022,1.0,8.354717840548341,10.00002,8.751352813852813,5.625,7.688888888888889,8.125,8.458337499999999,10.0,3,0.0,0.0,1.0,0.0,1.0,4,0.0,1.0,0,1.0,1.0,1.0,1.0,1.0,1.0,1.0
aluno198,2020,0.0,5.518958,0.0,6.1,5.625,4.5,5.78125,6.291665,10.0,3,1.0,0.0,0.0,0.0,1.0,1,0.0,1.0,1,1.0,-1.0,-1.0,,,,
aluno199,2020,0.0,6.658610666666666,6.25,4.8,7.5,7.666666666666667,8.125,7.388886666666666,5.0,1,1.0,0.0,0.0,1.0,0.0,2,0.0,1.0,1,-1.0,-1.0,1.0,,,,
aluno200,2020,0.0,7.355834833333334,7.91667,5.8,7.5,5.666666666666667,8.125,8.5416725,10.0,4,1.0,0.0,0.0,0.0,1.0,3,0.0,1.0,1,1.0,-1.0,-1.0,,,,
aluno200,2021,0.0,4.788,7.5,1.7,6.9,3.3,6.7,3.5,10.0,5,0.0,1.0,0.0,0.0,1.0,1,0.0,1.0,0,,,,0.0,0.0,1.0,0.0
aluno200,2022,0.0,6.874873274934217,7.91667,7.10179526355997,7.5,5.611111111111112,7.65625,7.625,5.0,6,0.0,0.0,1.0,0.0,1.0,2,1.0,0.0,0,1.0,-1.0,-1.0,1.0,1.0,1.0,1.0
aluno201,2020,0.0,7.718541500000001,7.08333,9.4,7.5,8.0,7.96875,7.4166675,5.0,1,1.0,0.0,0.0,0.0,1.0,3,0.0,1.0,1,-1.0,1.0,1.0,,,,
aluno201,2021,0.0,5.636,5.8,5.6,0.0,6.4,8.3,6.7,5.0,2,0.0,1.0,0.0,0.0,1.0,2,0.0,1.0,0,,,,1.0,1.0,0.0,1.0
aluno201,2022,0.0,6.438413142857143,8.33334,6.047619047619048,7.5,4.033333333333333,7.5,7.944443333333334,5.0,3,0.0,0.0,1.0,0.0,1.0,2,1.0,0.0,0,1.0,-1.0,-1.0,1.0,0.0,1.0,1.0
aluno202,2020,0.0,3.7799986666666663,0.0,2.9,6.875,0.0,6.458333333333334,6.833326666666666,5.0,2,1.0,0.0,0.0,1.0,0.0,1,0.0,1.0,1,-1.0,-1.0,-1.0,,,,
aluno203,2022,0.0,7.329169333333334,9.50002,9.0,6.875,5.5,6.25,5.833336666666667,10.0,0,0.0,0.0,1.0,0.0,1.0,3,1.0,0.0,0,-1.0,1.0,-1.0,0.0,0.0,0.0,
aluno204,2022,0.0,6.575002222222222,8.000020000000001,7.444444444444445,7.5,4.5,6.25,7.555556666666667,5.0,0,0.0,0.0,1.0,1.0,0.0,2,1.0,0.0,0,1.0,-1.0,-1.0,0.0,1.0,0.0,
aluno205,2022,0.0,7.664923985754986,8.500020000000001,8.262108262108262,7.5,9.166666666666666,5.625,7.583335,5.0,0,0.0,0.0,1.0,0.0,1.0,3,1.0,0.0,0,1.0,1.0,1.0,1.0,0.0,,
aluno206,2020,0.0,5.2162495,0.0,4.3,7.5,2.0,7.8125,7.1249975,10.0,2,1.0,0.0,0.0,0.0,1.0,1,0.0,1.0,1,1.0,-1.0,-1.0,,,,
aluno206,2021,0.0,5.143,8.8,4.2,0.0,2.0,7.7,6.3,10.0,3,0.0,1.0,0.0,0.0,1.0,1,0.0,1.0,0,,,,0.0,1.0,0.0,0.0
aluno207,2021,0.0,5.504,8.3,3.9,6.9,5.3,7.5,4.4,5.0,0,0.0,1.0,0.0,1.0,0.0,1,0.0,1.0,0,,,,1.0,0.0,0.0,0.0
aluno207,2022,0.0,4.571673982861744,0.0,3.724695192086496,7.5,3.722222222222223,6.40625,5.9583275,5.0,1,0.0,0.0,1.0,1.0,0.0,1,1.0,0.0,0,-1.0,-1.0,-1.0,0.0,0.0,1.0,0.0
aluno208,2020,0.0,7.842502,9.000020000000001,9.4,7.5,5.0,8.125,7.5,10.0,0,1.0,0.0,0.0,1.0,0.0,3,0.0,1.0,1,1.0,1.0,-1.0,,,,
aluno208,2021,0.0,6.45,7.0,6.3,7.5,4.5,7.5,8.0,5.0,1,0.0,1.0,0.0,1.0,0.0,2,0.0,1.0,0,,,,0.0,0.0,1.0,0.0
aluno209,2020,1.0,9.075004,9.50002,10.0,6.25,10.0,10.0,10.00001,5.0,1,1.0,0.0,0.0,0.0,1.0,4,0.0,1.0,1,-1.0,1.0,1.0,,,,
aluno209,2021,1.0,7.167,8.5,7.9,7.5,4.2,8.1,9.2,5.0,2,0.0,1.0,0.0,0.0,1.0,3,0.0,1.0,0,,,,0.0,0.0,0.0,0.0
aluno210,2020,0.0,8.213058666666669,10.00002,9.1,7.5,5.666666666666667,8.541666666666666,8.277783333333332,10.0,3,1.0,0.0,0.0,0.0,1.0,3,1.0,0.0,1,1.0,1.0,-1.0,,,,
aluno211,2022,0.0,7.856571887125221,9.000020000000001,8.935626102292769,7.5,8.416666666666668,6.25,8.055556666666666,5.0,0,0.0,0.0,1.0,0.0,1.0,3,1.0,0.0,0,1.0,1.0,1.0,1.0,1.0,1.0,
aluno212,2020,0.0,6.345836,7.41668,10.0,4.375,7.0,2.5,2.5833399999999997,10.0,1,1.0,0.0,0.0,0.0,1.0,2,0.0,1.0,1,1.0,1.0,-1.0,,,,
aluno212,2021,0.0,5.663,9.5,8.3,5.0,4.3,2.5,4.7,5.0,2,0.0,1.0,0.0,0.0,1.0,2,0.0,1.0,0,,,,0.0,0.0,0.0,0.0
aluno212,2022,0.0,6.344244591269144,9.50002,8.944141289679047,4.375,6.766666666666666,2.8125,5.166655,5.0,3,0.0,0.0,1.0,0.0,1.0,2,1.0,0.0,0,-1.0,1.0,-1.0,0.0,0.0,,
aluno213,2020,0.0,8.081669333333334,9.000020000000001,9.7,5.0,9.0,8.749999999999998,7.833336666666668,5.0,2,1.0,0.0,0.0,1.0,0.0,3,0.0,1.0,1,-1.0,1.0,1.0,,,,
aluno213,2021,0.0,8.761,9.6,9.4,7.5,7.5,8.8,8.9,10.0,3,0.0,1.0,0.0,1.0,0.0,4,0.0,1.0,0,,,,1.0,1.0,1.0,0.0
aluno214,2022,0.0,6.417875178463399,9.50002,8.832425892317,5.625,4.75,3.333333333333333,6.777773333333334,5.0,0,0.0,0.0,1.0,0.0,1.0,2,1.0,0.0,0,-1.0,1.0,-1.0,0.0,0.0,1.0,
aluno215,2020,0.0,8.874585000000002,9.50002,9.3,7.5,10.0,7.8125,7.666665,10.0,1,1.0,0.0,0.0,1.0,0.0,4,0.0,1.0,1,1.0,1.0,1.0,,,,
aluno216,2020,,5.960001,8.75001,0.0,5.625,7.4,0.0,0.0,10.0,1,1.0,0.0,0.0,1.0,0.0,1,1.0,0.0,1,,-1.0,-1.0,,,,
aluno217,2020,1.0,8.942503,8.000020000000001,9.4,7.5,9.5,8.125,9.000005,10.0,1,1.0,0.0,0.0,1.0,0.0,4,0.0,1.0,1,1.0,1.0,1.0,,,,
aluno217,2021,0.0,7.765,8.5,8.8,7.5,7.1,8.1,8.4,5.0,2,0.0,1.0,0.0,1.0,0.0,3,0.0,1.0,0,,,,0.0,0.0,1.0,0.0
aluno217,2022,1.0,8.48808864197531,6.91668,9.876543209876544,7.5,8.133333333333333,6.666666666666666,8.888893333333334,10.0,3,0.0,0.0,1.0,1.0,0.0,4,1.0,0.0,0,1.0,1.0,1.0,1.0,1.0,1.0,
aluno218,2021,1.0,8.821,9.5,10.0,7.5,6.9,8.1,9.7,10.0,0,0.0,1.0,0.0,0.0,1.0,4,0.0,1.0,0,,,,1.0,1.0,0.0,0.0
aluno218,2022,1.0,8.362568122807017,9.50002,9.031578947368422,7.5,6.916666666666666,6.5625,9.083335,10.0,1,0.0,0.0,1.0,0.0,1.0,4,1.0,0.0,0,1.0,1.0,-1.0,1.0,1.0,,
aluno219,2020,0.0,7.832084999999999,9.50002,7.9,8.75,5.0,8.4375,7.916665,10.0,1,1.0,0.0,0.0,1.0,0.0,3,0.0,1.0,1,1.0,1.0,-1.0,,,,
aluno219,2021,0.0,4.176,0.0,4.2,6.9,1.9,8.1,4.8,5.0,2,0.0,1.0,0.0,1.0,0.0,1,0.0,1.0,0,,,,0.0,0.0,0.0,0.0
aluno219,2022,0.0,5.810649259259259,10.00002,5.296296296296296,7.5,2.666666666666667,6.458333333333334,6.611106666666666,5.0,3,0.0,0.0,1.0,1.0,0.0,1,1.0,0.0,0,-1.0,-1.0,-1.0,0.0,0.0,0.0,
aluno220,2022,0.0,6.631987865319865,9.50002,9.326599326599329,7.5,3.75,5.833333333333334,6.166663333333333,5.0,0,0.0,0.0,1.0,1.0,0.0,2,1.0,0.0,0,-1.0,1.0,-1.0,0.0,0.0,0.0,
aluno221,2021,0.0,4.442,9.2,2.8,7.5,1.8,5.8,3.9,5.0,0,0.0,1.0,0.0,1.0,0.0,1,0.0,1.0,0,,,,0.0,1.0,0.0,0.0
aluno221,2022,0.0,4.932115107932876,8.75001,3.613701372997712,7.5,2.666666666666667,6.09375,4.7083275,5.0,1,0.0,0.0,1.0,1.0,0.0,1,1.0,0.0,0,-1.0,-1.0,-1.0,0.0,1.0,1.0,-1.0
aluno222,2020,0.0,8.478752,9.000020000000001,7.8,7.5,9.5,7.1875,8.25,10.0,1,1.0,0.0,0.0,0.0,1.0,4,0.0,1.0,1,1.0,1.0,1.0,,,,
aluno223,2020,0.0,6.59278,9.000020000000001,5.2,6.875,5.0,8.541666666666668,8.055556666666668,5.0,1,1.0,0.0,0.0,0.0,1.0,2,0.0,1.0,1,-1.0,-1.0,-1.0,,,,
aluno224,2022,0.0,6.606168554778556,9.50002,8.607226107226108,7.5,3.333333333333333,5.625,7.277773333333333,5.0,0,0.0,0.0,1.0,1.0,0.0,2,1.0,0.0,0,-1.0,1.0,-1.0,0.0,0.0,0.0,
aluno225,2020,0.0,8.845558333333333,9.58335,9.7,7.5,8.333333333333334,8.749999999999998,8.277783333333334,10.0,4,1.0,0.0,0.0,1.0,0.0,4,0.0,1.0,1,1.0,1.0,1.0,,,,
aluno225,2021,0.0,7.138,8.3,6.7,6.9,6.0,7.5,6.7,10.0,5,0.0,1.0,0.0,1.0,0.0,3,1.0,0.0,0,,,,1.0,0.0,1.0,0.0
aluno225,2022,0.0,6.957316284888314,9.16668,7.085185035552683,5.0,7.388888888888888,8.125,6.6666675,5.0,6,0.0,0.0,1.0,1.0,0.0,2,0.0,1.0,0,-1.0,-1.0,-1.0,1.0,0.0,1.0,1.0
aluno226,2020,0.0,7.849446666666667,8.500020000000001,7.4,5.625,7.5,8.125,8.222223333333332,10.0,2,1.0,0.0,0.0,0.0,1.0,3,1.0,0.0,1,1.0,-1.0,1.0,,,,
aluno226,2021,0.0,4.617,0.0,4.2,5.6,4.3,7.1,5.8,5.0,3,0.0,1.0,0.0,0.0,1.0,1,1.0,0.0,0,,,,0.0,0.0,0.0,0.0
aluno227,2020,0.0,5.981250166666666,8.75001,3.0,7.5,6.333333333333333,7.8125,6.0416625,5.0,0,1.0,0.0,0.0,1.0,0.0,1,0.0,1.0,1,-1.0,-1.0,-1.0,,,,
aluno228,2022,0.0,5.312964074074074,10.00002,4.87037037037037,6.875,1.5,5.625,6.44444,5.0,0,0.0,0.0,1.0,1.0,0.0,1,1.0,0.0,0,-1.0,-1.0,-1.0,0.0,0.0,0.0,
aluno229,2020,0.0,5.890556,7.33334,7.8,7.5,0.0,7.916666666666668,7.777776666666667,5.0,1,1.0,0.0,0.0,1.0,0.0,1,0.0,1.0,1,-1.0,1.0,-1.0,,,,
aluno229,2021,0.0,5.054,8.5,0.0,7.5,4.0,6.9,7.3,5.0,2,0.0,1.0,0.0,1.0,0.0,1,0.0,1.0,0,,,,0.0,0.0,0.0,0.0
aluno229,2022,0.0,6.025962871794872,8.000020000000001,5.10897435897436,5.0,8.0,4.375,5.83333,5.0,3,0.0,0.0,1.0,1.0,0.0,2,1.0,0.0,0,-1.0,-1.0,1.0,1.0,0.0,,
aluno230,2020,0.0,5.0047223333333335,8.75001,6.1,4.375,2.3333333333333335,5.833333333333333,4.611106666666667,5.0,4,1.0,0.0,0.0,0.0,1.0,1,1.0,0.0,1,-1.0,-1.0,-1.0,,,,
aluno231,2020,0.0,5.9597921666666664,8.33334,3.7,5.0,4.333333333333333,7.03125,6.5833325,10.0,1,1.0,0.0,0.0,1.0,0.0,1,0.0,1.0,1,1.0,-1.0,-1.0,,,,
aluno231,2021,0.0,7.698,9.2,8.6,6.9,5.4,8.0,7.5,10.0,2,0.0,1.0,0.0,1.0,0.0,3,0.0,1.0,0,,,,0.0,1.0,1.0,0.0
aluno232,2021,0.0,7.331,8.3,7.2,7.5,6.7,8.3,8.2,5.0,0,0.0,1.0,0.0,1.0,0.0,3,0.0,1.0,0,,,,1.0,0.0,1.0,1.0
aluno232,2022,1.0,7.676832382089068,8.33334,8.191793021556448,8.125,6.688888888888889,8.4375,8.55556,5.0,1,0.0,0.0,1.0,1.0,0.0,3,1.0,0.0,0,1.0,1.0,-1.0,1.0,1.0,1.0,1.0
aluno233,2022,0.0,7.560770897435898,9.50002,7.287179487179487,7.5,6.600000000000001,5.0,7.916665,10.0,0,0.0,0.0,1.0,1.0,0.0,3,1.0,0.0,0,1.0,-1.0,-1.0,0.0,0.0,,
aluno234,2022,0.0,8.121155846153847,9.50002,8.697435897435899,6.25,9.033333333333331,5.0,7.5,10.0,0,0.0,0.0,1.0,0.0,1.0,4,1.0,0.0,0,1.0,1.0,1.0,1.0,0.0,,
aluno235,2020,0.0,8.125001833333334,8.333350000000001,9.0,7.5,7.666666666666667,7.5,7.2916675,10.0,1,1.0,0.0,0.0,1.0,0.0,3,1.0,0.0,1,1.0,1.0,1.0,,,,
aluno235,2021,0.0,7.544,9.2,6.9,5.6,6.6,7.3,8.1,10.0,2,0.0,1.0,0.0,1.0,0.0,3,1.0,0.0,0,,,,1.0,0.0,1.0,0.0
aluno235,2022,0.0,6.922391887729286,6.66666,7.725859160868649,6.875,5.677777777777778,6.875,5.9999925,10.0,3,0.0,0.0,1.0,1.0,0.0,2,1.0,0.0,0,-1.0,1.0,-1.0,1.0,0.0,0.0,1.0
aluno236,2022,0.0,8.207451124949126,8.500020000000001,8.958078958078957,7.5,8.766666666666667,5.625,7.5,10.0,0,0.0,0.0,1.0,0.0,1.0,4,1.0,0.0,0,1.0,1.0,1.0,1.0,0.0,,
aluno237,2022,0.0,6.622459534891997,9.000020000000001,7.230347674459984,7.5,4.0,6.041666666666667,8.111106666666666,5.0,0,0.0,0.0,1.0,0.0,1.0,2,1.0,0.0,0,1.0,-1.0,-1.0,0.0,0.0,1.0,
aluno238,2020,0.0,6.492502,9.000020000000001,8.4,5.0,4.0,5.625,7.75,5.0,1,1.0,0.0,0.0,0.0,1.0,2,0.0,1.0,1,-1.0,1.0,-1.0,,,,
aluno238,2021,0.0,3.663,8.5,1.3,4.4,2.1,5.0,3.5,5.0,2,0.0,1.0,0.0,0.0,1.0,1,0.0,1.0,0,,,,0.0,0.0,0.0,0.0
aluno239,2022,0.0,6.309259592592594,8.500020000000001,7.462962962962964,5.625,6.75,4.375,5.583325,5.0,0,0.0,0.0,1.0,1.0,0.0,2,1.0,0.0,0,-1.0,-1.0,-1.0,0.0,1.0,,
aluno240,2021,0.0,7.629,8.8,6.1,7.5,6.9,7.3,8.4,10.0,0,0.0,1.0,0.0,0.0,1.0,3,0.0,1.0,0,,,,1.0,0.0,0.0,0.0
aluno241,2020,0.0,7.285002,9.000020000000001,8.8,6.25,9.5,2.5,6.75,5.0,3,1.0,0.0,0.0,0.0,1.0,3,0.0,1.0,1,-1.0,1.0,1.0,,,,
aluno241,2021,0.0,2.86,7.9,0.4,5.6,0.0,4.1,2.6,5.0,4,0.0,1.0,0.0,0.0,1.0,1,0.0,1.0,0,,,,-1.0,0.0,0.0,0.0
aluno241,2022,0.0,4.55608576514307,7.916679999999999,4.405425492382014,5.0,2.5,4.166666666666666,4.83333,5.0,5,0.0,0.0,1.0,0.0,1.0,1,1.0,0.0,0,-1.0,-1.0,-1.0,0.0,1.0,0.0,
aluno242,2020,0.0,6.707085000000001,9.000020000000001,7.4,6.25,5.5,7.1875,6.916665,5.0,2,1.0,0.0,0.0,0.0,1.0,2,0.0,1.0,1,-1.0,-1.0,-1.0,,,,
aluno242,2021,0.0,5.833,8.5,5.4,7.5,2.9,7.1,6.8,5.0,3,0.0,1.0,0.0,0.0,1.0,2,0.0,1.0,0,,,,0.0,0.0,0.0,0.0
aluno242,2022,0.0,6.454070897064289,9.000020000000001,8.325901151988107,6.875,3.333333333333333,6.458333333333334,6.944443333333333,5.0,4,0.0,0.0,1.0,0.0,1.0,2,1.0,0.0,0,-1.0,1.0,-1.0,0.0,1.0,0.0,
aluno243,2021,0.0,6.354,8.5,5.0,7.5,3.2,7.5,6.8,10.0,0,0.0,1.0,0.0,1.0,0.0,2,0.0,1.0,0,,,,0.0,0.0,0.0,0.0
aluno244,2022,0.0,8.143474555555557,9.50002,8.944444444444445,7.5,8.283333333333333,5.3125,7.333335,10.0,0,0.0,0.0,1.0,0.0,1.0,4,1.0,0.0,0,-1.0,1.0,1.0,1.0,0.0,,
aluno245,2022,0.0,5.246467903133903,8.500020000000001,5.765669515669515,7.5,3.8,0.0,6.16666,5.0,0,0.0,0.0,1.0,1.0,0.0,1,1.0,0.0,0,-1.0,-1.0,-1.0,0.0,0.0,,
aluno246,2020,0.0,7.639168666666667,9.50002,8.3,6.875,8.0,7.083333333333333,7.666666666666666,5.0,1,1.0,0.0,0.0,1.0,0.0,3,0.0,1.0,1,-1.0,1.0,1.0,,,,
aluno246,2021,0.0,7.013,9.0,8.8,5.6,4.6,8.5,7.7,5.0,2,0.0,1.0,0.0,1.0,0.0,3,0.0,1.0,0,,,,0.0,0.0,1.0,0.0
aluno246,2022,0.0,6.736315131313132,9.000020000000001,7.473232323232324,6.875,5.25,6.041666666666667,7.5,5.0,3,0.0,0.0,1.0,1.0,0.0,2,1.0,0.0,0,1.0,-1.0,-1.0,0.0,0.0,0.0,
aluno247,2021,1.0,8.013,10.0,8.3,7.5,6.8,8.1,9.7,5.0,0,0.0,1.0,0.0,1.0,0.0,3,0.0,1.0,0,,,,1.0,1.0,0.0,0.0
aluno247,2022,0.0,6.300611568922306,10.00002,7.888471177944862,6.875,4.166666666666667,4.6875,6.16666,5.0,1,0.0,0.0,1.0,1.0,0.0,2,1.0,0.0,0,-1.0,1.0,-1.0,0.0,0.0,,
aluno248,2022,0.0,7.660716285714286,9.000020000000001,9.428571428571429,7.5,7.5,6.25,7.5,5.0,0,0.0,0.0,1.0,1.0,0.0,3,1.0,0.0,0,1.0,1.0,1.0,0.0,0.0,0.0,
aluno249,2021,0.0,6.025,8.5,7.9,7.5,2.1,7.5,5.8,5.0,0,0.0,1.0,0.0,0.0,1.0,2,0.0,1.0,0,,,,1.0,0.0,0.0,0.0
aluno250,2022,0.0,8.361187897435897,10.00002,9.087179487179489,6.25,9.25,4.6875,8.0,10.0,0,0.0,0.0,1.0,1.0,0.0,4,1.0,0.0,0,1.0,1.0,1.0,1.0,0.0,,
aluno251,2020,0.0,8.575835333333334,8.500020000000001,8.9,7.5,10.0,7.291666666666667,7.333333333333333,10.0,1,1.0,0.0,0.0,1.0,0.0,4,0.0,1.0,1,1.0,1.0,1.0,,,,
aluno251,2021,0.0,7.976,9.0,6.7,7.5,7.3,8.5,8.4,10.0,2,0.0,1.0,0.0,1.0,0.0,3,0.0,1.0,0,,,,1.0,1.0,0.0,0.0
aluno251,2022,1.0,8.011927248035915,8.000020000000001,7.906846240179574,7.5,7.833333333333334,6.25,8.444446666666668,10.0,3,0.0,0.0,1.0,1.0,0.0,3,1.0,0.0,0,1.0,1.0,1.0,1.0,1.0,1.0,
aluno252,2021,0.0,7.473,10.0,10.0,7.5,5.9,7.2,6.6,5.0,0,0.0,1.0,0.0,1.0,0.0,3,0.0,1.0,0,,,,0.0,0.0,0.0,0.0
aluno252,2022,0.0,7.755061190476191,9.000020000000001,9.285714285714285,7.5,8.666666666666666,5.3125,7.416665,5.0,1,0.0,0.0,1.0,1.0,0.0,3,1.0,0.0,0,-1.0,1.0,1.0,1.0,0.0,,
aluno253,2022,0.0,7.416668,9.50002,10.0,6.875,6.0,5.625,7.58333,5.0,0,0.0,0.0,1.0,1.0,0.0,3,1.0,0.0,0,1.0,1.0,-1.0,0.0,0.0,,
aluno254,2022,0.0,7.775658894736842,9.50002,9.649122807017545,7.5,5.416666666666666,5.625,7.499995,10.0,0,0.0,0.0,1.0,0.0,1.0,3,1.0,0.0,0,-1.0,1.0,-1.0,0.0,0.0,,
aluno255,2022,0.0,8.397956545454546,10.00002,9.06060606060606,7.5,8.366666666666667,5.625,8.0,10.0,0,0.0,0.0,1.0,1.0,0.0,4,1.0,0.0,0,1.0,1.0,1.0,1.0,0.0,,
aluno256,2022,0.0,8.000000666666667,7.416679999999999,9.583333333333334,7.5,7.5,6.25,7.33333,10.0,0,0.0,0.0,1.0,1.0,0.0,3,1.0,0.0,0,-1.0,1.0,1.0,0.0,0.0,0.0,
aluno257,2022,0.0,7.585228383838384,9.50002,8.585858585858585,7.5,8.5,6.458333333333334,6.611106666666666,5.0,0,0.0,0.0,1.0,1.0,0.0,3,1.0,0.0,0,-1.0,1.0,1.0,0.0,0.0,0.0,
aluno258,2021,0.0,6.283,7.8,10.0,7.5,5.3,2.5,4.8,5.0,0,0.0,1.0,0.0,1.0,0.0,2,0.0,1.0,0,,,,-1.0,0.0,0.0,0.0
aluno258,2022,0.0,5.790196511753241,7.916679999999999,5.72182089209953,4.375,5.666666666666666,5.0,6.416655,5.0,1,0.0,0.0,1.0,1.0,0.0,1,1.0,0.0,0,-1.0,-1.0,-1.0,0.0,0.0,,
aluno259,2020,1.0,8.753335833333333,9.16668,9.1,7.5,7.666666666666667,8.75,9.2916725,10.0,1,1.0,0.0,0.0,0.0,1.0,4,1.0,0.0,1,1.0,1.0,1.0,,,,
aluno260,2021,0.0,6.75,9.5,6.7,7.5,4.5,7.5,7.8,5.0,0,0.0,1.0,0.0,0.0,1.0,2,0.0,1.0,0,,,,0.0,0.0,0.0,0.0
aluno260,2022,0.0,7.56313707440925,9.000020000000001,8.607340372046254,7.5,7.5,6.25,7.833335,5.0,1,0.0,0.0,1.0,0.0,1.0,3,1.0,0.0,0,1.0,1.0,1.0,0.0,0.0,,
aluno261,2020,0.0,7.251668666666667,9.16668,8.8,7.5,6.333333333333333,7.5,7.79167,2.5,0,1.0,0.0,0.0,0.0,1.0,2,0.0,1.0,1,-1.0,1.0,-1.0,,,,
aluno261,2021,0.0,6.899,9.2,7.8,7.5,5.9,8.4,7.0,2.5,1,0.0,1.0,0.0,0.0,1.0,3,0.0,1.0,0,,,,1.0,1.0,1.0,1.0
aluno262,2020,1.0,8.221251333333335,7.91667,9.2,5.0,6.666666666666667,9.0625,9.250005,10.0,3,1.0,0.0,0.0,0.0,1.0,3,1.0,0.0,1,1.0,1.0,-1.0,,,,
aluno262,2021,0.0,7.903,9.2,6.9,7.5,7.7,7.8,7.7,10.0,4,0.0,1.0,0.0,0.0,1.0,3,1.0,0.0,0,,,,0.0,1.0,1.0,1.0
aluno262,2022,0.0,7.054851281182869,8.75001,5.245783628136569,6.25,6.844444444444444,7.8125,6.777773333333332,10.0,5,0.0,0.0,1.0,0.0,1.0,3,0.0,1.0,0,-1.0,-1.0,-1.0,1.0,1.0,1.0,1.0
aluno263,2020,0.0,8.386113666666667,9.58335,9.5,6.875,6.333333333333333,8.958333333333332,8.388893333333336,10.0,4,1.0,0.0,0.0,1.0,0.0,3,1.0,0.0,1,1.0,1.0,-1.0,,,,
aluno263,2021,0.0,7.694,7.9,7.8,7.5,6.5,8.0,7.5,10.0,5,0.0,1.0,0.0,1.0,0.0,3,1.0,0.0,0,,,,1.0,1.0,1.0,1.0
aluno263,2022,0.0,6.591127006535949,0.0,7.947303921568628,5.625,5.577777777777778,8.125,7.555553333333333,10.0,6,0.0,0.0,1.0,1.0,0.0,2,0.0,1.0,0,1.0,1.0,-1.0,1.0,1.0,1.0,1.0
aluno264,2022,0.0,7.035319904761904,10.00002,6.773809523809523,7.5,6.75,6.25,7.27778,5.0,0,0.0,0.0,1.0,1.0,0.0,3,1.0,0.0,0,-1.0,-1.0,-1.0,0.0,0.0,0.0,
aluno265,2020,0.0,7.630557666666667,8.75001,10.0,6.875,6.0,8.125,7.777783333333335,5.0,1,1.0,0.0,0.0,1.0,0.0,3,0.0,1.0,1,-1.0,1.0,-1.0,,,,
aluno266,2020,0.0,8.336252,8.500020000000001,8.9,5.625,8.5,8.4375,8.0,10.0,1,1.0,0.0,0.0,0.0,1.0,3,0.0,1.0,1,1.0,1.0,1.0,,,,
aluno266,2021,0.0,7.892,9.0,8.3,6.3,6.8,7.5,8.0,10.0,2,0.0,1.0,0.0,0.0,1.0,3,0.0,1.0,0,,,,0.0,1.0,0.0,0.0
aluno266,2022,1.0,7.834006201914523,9.000020000000001,8.13529767623928,5.625,7.0,6.666666666666666,8.38889,10.0,3,0.0,0.0,1.0,0.0,1.0,3,1.0,0.0,0,1.0,1.0,-1.0,1.0,0.0,1.0,
aluno267,2020,1.0,8.370558666666668,9.16668,9.7,5.625,8.0,8.958333333333334,9.777786666666666,5.0,2,1.0,0.0,0.0,0.0,1.0,3,1.0,0.0,1,-1.0,1.0,1.0,,,,
aluno267,2021,0.0,8.014,9.2,8.9,6.3,8.2,8.3,8.6,5.0,3,0.0,1.0,0.0,0.0,1.0,3,1.0,0.0,0,,,,1.0,1.0,1.0,1.0
aluno267,2022,0.0,7.798470369565218,9.16668,9.72463768115942,5.625,7.866666666666667,7.34375,7.8333325,5.0,4,0.0,0.0,1.0,0.0,1.0,3,0.0,1.0,0,1.0,1.0,1.0,1.0,0.0,1.0,1.0
aluno268,2022,1.0,8.000002,9.000020000000001,10.0,6.875,7.25,5.625,9.5,5.0,0,0.0,0.0,1.0,0.0,1.0,3,1.0,0.0,0,1.0,1.0,-1.0,0.0,0.0,,
aluno269,2020,0.0,7.099168666666667,7.50002,8.6,7.5,5.75,7.291666666666667,7.5,5.0,1,1.0,0.0,0.0,0.0,1.0,2,0.0,1.0,1,-1.0,1.0,-1.0,,,,
aluno270,2020,0.0,7.1900010000000005,6.66667,4.2,4.375,8.666666666666666,8.125,8.500003333333334,10.0,3,1.0,0.0,0.0,0.0,1.0,2,0.0,1.0,1,1.0,-1.0,1.0,,,,
aluno271,2021,0.0,6.429,9.6,5.0,7.5,4.3,7.7,5.5,10.0,0,0.0,1.0,0.0,0.0,1.0,2,0.0,1.0,0,,,,0.0,1.0,0.0,0.0
aluno272,2022,0.0,7.725002,9.000020000000001,10.0,5.0,6.0,6.25,7.5,10.0,0,0.0,0.0,1.0,0.0,1.0,3,1.0,0.0,0,1.0,1.0,-1.0,0.0,0.0,0.0,
aluno273,2020,0.0,4.386945333333334,9.000020000000001,4.4,7.5,0.0,7.291666666666667,4.388883333333333,2.5,2,1.0,0.0,0.0,1.0,0.0,1,0.0,1.0,1,-1.0,-1.0,-1.0,,,,
aluno273,2021,0.0,4.125,9.5,2.1,7.5,0.0,6.3,4.4,5.0,3,0.0,1.0,0.0,1.0,0.0,1,0.0,1.0,0,,,,0.0,0.0,0.0,0.0
aluno273,2022,0.0,6.683335555555555,8.500020000000001,6.777777777777777,7.5,5.666666666666666,5.833333333333334,7.555556666666667,5.0,4,0.0,0.0,1.0,1.0,0.0,2,1.0,0.0,0,1.0,-1.0,-1.0,1.0,1.0,1.0,
aluno274,2020,0.0,6.113055666666667,7.91667,5.6,7.5,3.6666666666666665,7.291666666666667,7.444443333333334,5.0,2,1.0,0.0,0.0,1.0,0.0,2,0.0,1.0,1,-1.0,-1.0,-1.0,,,,
aluno274,2021,0.0,6.88,7.1,7.8,7.5,6.1,7.7,6.9,5.0,3,0.0,1.0,0.0,1.0,0.0,2,0.0,1.0,0,,,,1.0,1.0,1.0,1.0
aluno275,2020,0.0,6.399376666666667,10.00002,5.2,7.5,4.333333333333333,6.09375,5.666665,10.0,3,1.0,0.0,0.0,1.0,0.0,2,0.0,1.0,1,1.0,-1.0,-1.0,,,,
aluno275,2021,0.0,5.815,8.8,5.8,6.3,3.4,6.9,6.4,5.0,4,0.0,1.0,0.0,1.0,0.0,2,0.0,1.0,0,,,,1.0,0.0,0.0,0.0
aluno275,2022,0.0,6.073162378787879,8.33334,6.102272727272728,6.25,3.966666666666667,7.34375,6.8333275,5.0,5,0.0,0.0,1.0,1.0,0.0,2,1.0,0.0,0,-1.0,-1.0,-1.0,1.0,0.0,1.0,1.0
aluno276,2022,0.0,7.703185605565638,8.500020000000001,8.95341802782819,8.125,8.25,5.0,8.0,5.0,0,0.0,0.0,1.0,0.0,1.0,3,1.0,0.0,0,1.0,1.0,1.0,1.0,1.0,,
aluno277,2020,0.0,8.018889999999999,9.50002,8.4,5.625,10.0,7.708333333333334,7.777773333333332,5.0,2,1.0,0.0,0.0,0.0,1.0,3,0.0,1.0,1,-1.0,1.0,1.0,,,,
aluno277,2021,0.0,8.183,9.5,10.0,7.5,7.8,8.5,7.8,5.0,3,0.0,1.0,0.0,0.0,1.0,3,0.0,1.0,0,,,,1.0,1.0,1.0,0.0
aluno277,2022,0.0,7.305919652173913,8.000020000000001,8.626811594202898,6.875,8.25,6.041666666666667,7.944443333333334,2.5,4,0.0,0.0,1.0,0.0,1.0,3,1.0,0.0,0,1.0,1.0,1.0,1.0,1.0,1.0,
aluno278,2020,0.0,8.240834333333334,8.75001,9.6,9.375,7.333333333333333,8.749999999999998,8.333333333333334,5.0,1,1.0,0.0,0.0,0.0,1.0,3,0.0,1.0,1,-1.0,1.0,-1.0,,,,
aluno279,2022,0.0,5.800078489240228,7.5,7.024703557312253,5.0,4.055555555555556,6.5625,5.888883333333334,5.0,0,0.0,0.0,1.0,1.0,0.0,1,1.0,0.0,0,-1.0,-1.0,-1.0,0.0,0.0,1.0,
aluno280,2020,0.0,6.6462520000000005,8.500020000000001,6.2,5.0,6.5,6.5625,8.0,5.0,2,1.0,0.0,0.0,0.0,1.0,2,0.0,1.0,1,-1.0,-1.0,-1.0,,,,
aluno281,2022,0.0,7.424538592592594,9.000020000000001,8.87962962962963,7.5,6.75,6.041666666666667,7.72222,5.0,0,0.0,0.0,1.0,1.0,0.0,3,1.0,0.0,0,1.0,1.0,-1.0,0.0,0.0,0.0,
aluno282,2021,1.0,8.544,9.2,9.7,7.5,8.8,8.8,9.0,5.0,0,0.0,1.0,0.0,0.0,1.0,4,0.0,1.0,0,,,,1.0,1.0,1.0,1.0
aluno282,2022,1.0,8.086937830917876,9.16668,7.86141304347826,6.875,8.644444444444444,8.59375,9.111116666666666,5.0,1,0.0,0.0,1.0,0.0,1.0,4,0.0,1.0,0,1.0,1.0,1.0,1.0,0.0,1.0,1.0
aluno283,2021,1.0,8.531,8.8,9.4,7.5,8.7,8.8,9.5,5.0,0,0.0,1.0,0.0,1.0,0.0,4,0.0,1.0,0,,,,1.0,1.0,1.0,1.0
aluno283,2022,1.0,7.979045229610685,8.33334,8.313618925831202,8.75,6.888888888888888,7.96875,9.666673333333334,5.0,1,0.0,0.0,1.0,1.0,0.0,3,1.0,0.0,0,1.0,1.0,-1.0,1.0,1.0,1.0,1.0
aluno284,2020,0.0,7.901875833333333,7.91667,9.9,7.5,7.666666666666667,7.96875,7.7500025,5.0,0,1.0,0.0,0.0,0.0,1.0,3,0.0,1.0,1,-1.0,1.0,1.0,,,,
aluno285,2020,0.0,5.112502,9.50002,0.0,7.5,1.0,8.125,7.0,10.0,0,1.0,0.0,0.0,1.0,0.0,1,0.0,1.0,1,1.0,-1.0,-1.0,,,,
aluno286,2020,0.0,6.956252,8.000020000000001,6.0,6.875,7.5,7.1875,7.75,5.0,0,1.0,0.0,0.0,1.0,0.0,2,0.0,1.0,1,-1.0,-1.0,1.0,,,,
aluno287,2020,1.0,8.302085,7.41668,8.5,7.5,7.5,8.4375,8.833335,10.0,1,1.0,0.0,0.0,1.0,0.0,3,0.0,1.0,1,1.0,1.0,1.0,,,,
aluno288,2020,0.0,6.840002,9.000020000000001,7.7,7.5,3.75,8.333333333333334,7.833333333333334,5.0,0,1.0,0.0,0.0,1.0,0.0,2,0.0,1.0,1,-1.0,1.0,-1.0,,,,
aluno288,2021,0.0,8.088,8.3,7.5,7.5,7.7,7.3,8.7,10.0,1,0.0,1.0,0.0,1.0,0.0,3,1.0,0.0,0,,,,1.0,0.0,1.0,0.0
aluno288,2022,0.0,8.107440578115117,7.91667,8.724699557242252,7.5,7.333333333333333,8.125,7.708335,10.0,2,0.0,0.0,1.0,1.0,0.0,4,0.0,1.0,0,1.0,1.0,-1.0,1.0,0.0,1.0,1.0
aluno289,2022,0.0,7.189287269841271,8.500020000000001,8.015873015873016,6.875,7.333333333333333,6.041666666666667,7.388886666666667,5.0,0,0.0,0.0,1.0,1.0,0.0,3,1.0,0.0,0,-1.0,1.0,-1.0,0.0,0.0,0.0,
aluno290,2022,0.0,7.175127373737373,9.000020000000001,8.118686868686869,7.5,4.5,6.458333333333334,6.777773333333332,10.0,0,0.0,0.0,1.0,0.0,1.0,3,1.0,0.0,0,-1.0,1.0,-1.0,0.0,0.0,0.0,
aluno291,2022,0.0,6.644446000000001,10.00002,10.0,6.875,2.0,6.458333333333334,7.055553333333332,5.0,0,0.0,0.0,1.0,0.0,1.0,2,1.0,0.0,0,-1.0,1.0,-1.0,0.0,0.0,0.0,
aluno292,2020,1.0,8.485558666666666,10.00002,9.9,6.875,7.666666666666667,8.958333333333332,9.44445,5.0,1,1.0,0.0,0.0,0.0,1.0,4,0.0,1.0,1,-1.0,1.0,1.0,,,,
aluno292,2022,1.0,8.676670333333334,9.58335,8.75,10.0,7.966666666666666,8.75,10.00001,5.0,0,0.0,0.0,1.0,0.0,1.0,4,1.0,0.0,0,1.0,1.0,1.0,1.0,1.0,0.0,1.0
aluno293,2020,0.0,4.4162505,6.66667,1.3,4.375,0.0,7.1875,6.6666675,10.0,1,1.0,0.0,0.0,1.0,0.0,1,0.0,1.0,1,1.0,-1.0,-1.0,,,,
aluno293,2021,0.0,3.08,0.0,3.9,0.0,0.0,5.9,3.5,10.0,2,0.0,1.0,0.0,1.0,0.0,1,0.0,1.0,0,,,,0.0,0.0,1.0,0.0
aluno293,2022,0.0,3.845535880952381,7.08333,2.682539682539682,5.0,0.7222222222222222,5.3125,4.6250025,5.0,3,0.0,0.0,1.0,1.0,0.0,1,1.0,0.0,0,-1.0,-1.0,-1.0,0.0,0.0,1.0,-1.0
aluno294,2021,1.0,8.994,9.5,10.0,7.5,7.3,8.4,10.0,10.0,0,0.0,1.0,0.0,1.0,0.0,4,0.0,1.0,0,,,,0.0,0.0,0.0,0.0
aluno294,2022,1.0,8.264312621417798,10.00002,9.34238310708899,5.625,8.0,5.0,8.66667,10.0,1,0.0,0.0,1.0,1.0,0.0,4,0.0,1.0,0,1.0,1.0,1.0,1.0,1.0,,
aluno295,2020,0.0,7.586252,9.000020000000001,8.9,4.375,7.25,4.6875,7.75,10.0,3,1.0,0.0,0.0,0.0,1.0,3,0.0,1.0,1,1.0,1.0,-1.0,,,,
aluno295,2021,0.0,6.771,9.0,7.1,7.5,6.9,7.5,5.3,5.0,4,0.0,1.0,0.0,0.0,1.0,2,0.0,1.0,0,,,,1.0,0.0,0.0,0.0
aluno295,2022,0.0,7.720835333333334,9.000020000000001,8.166666666666668,7.5,6.5,6.041666666666667,7.666666666666667,10.0,5,0.0,0.0,1.0,0.0,1.0,3,1.0,0.0,0,1.0,1.0,-1.0,0.0,0.0,0.0,
aluno296,2020,0.0,7.713335,9.000020000000001,8.9,7.5,5.0,7.5,7.666665,10.0,0,1.0,0.0,0.0,1.0,0.0,3,0.0,1.0,1,1.0,1.0,-1.0,,,,
aluno296,2021,0.0,7.221,9.5,7.9,7.5,3.6,7.3,7.4,10.0,1,0.0,1.0,0.0,1.0,0.0,3,0.0,1.0,0,,,,0.0,0.0,0.0,0.0
